filename,label
0_0.jpeg,0
0_1.jpeg,0
0_10.jpeg,0
0_100.jpg,0
0_101.jpg,0
0_102.jpg,0
0_103.jpg,0
0_104.jpg,0
0_105.jpg,0
0_106.jpg,0
0_107.jpg,0
0_108.jpg,0
0_109.jpg,0
0_11.jpeg,0
0_110.jpg,0
0_111.jpg,0
0_112.jpg,0
0_113.jpg,0
0_114.jpg,0
0_115.jpg,0
0_116.jpg,0
0_117.jpg,0
0_118.jpg,0
0_119.jpg,0
0_12.jpeg,0
0_120.jpg,0
0_121.jpg,0
0_122.jpg,0
0_123.jpg,0
0_124.jpg,0
0_125.jpg,0
0_126.jpg,0
0_127.jpg,0
0_128.jpg,0
0_129.jpg,0
0_13.jpeg,0
0_130.jpg,0
0_131.jpg,0
0_132.jpg,0
0_133.jpg,0
0_134.jpg,0
0_135.jpg,0
0_136.jpg,0
0_137.jpg,0
0_138.jpg,0
0_139.jpg,0
0_14.jpeg,0
0_140.jpg,0
0_141.jpg,0
0_142.jpg,0
0_143.jpg,0
0_144.jpg,0
0_145.jpg,0
0_146.jpg,0
0_147.jpg,0
0_148.jpg,0
0_149.jpg,0
0_15.jpeg,0
0_150.jpg,0
0_151.jpg,0
0_152.jpg,0
0_153.jpg,0
0_154.jpg,0
0_155.jpg,0
0_156.jpg,0
0_157.jpg,0
0_158.jpg,0
0_159.jpg,0
0_16.jpeg,0
0_160.jpg,0
0_161.jpg,0
0_162.jpg,0
0_163.jpg,0
0_164.jpg,0
0_165.jpg,0
0_166.jpg,0
0_167.jpg,0
0_168.jpg,0
0_169.jpg,0
0_17.jpeg,0
0_170.jpg,0
0_171.jpg,0
0_172.jpg,0
0_173.jpg,0
0_174.jpg,0
0_175.jpg,0
0_176.jpg,0
0_177.jpg,0
0_178.jpg,0
0_179.jpg,0
0_18.jpg,0
0_180.jpg,0
0_181.jpg,0
0_182.jpg,0
0_183.jpg,0
0_184.jpg,0
0_185.jpg,0
0_186.jpg,0
0_187.jpg,0
0_188.jpg,0
0_189.jpg,0
0_19.jpg,0
0_190.jpg,0
0_191.jpg,0
0_192.jpg,0
0_193.jpg,0
0_194.jpg,0
0_195.jpg,0
0_196.jpg,0
0_197.jpg,0
0_198.jpg,0
0_199.jpg,0
0_2.jpeg,0
0_20.jpg,0
0_200.jpg,0
0_201.jpg,0
0_202.jpg,0
0_203.jpg,0
0_204.jpg,0
0_205.jpg,0
0_206.jpg,0
0_207.jpg,0
0_208.jpg,0
0_209.jpg,0
0_21.jpg,0
0_210.jpg,0
0_211.jpg,0
0_212.jpg,0
0_213.jpg,0
0_214.jpg,0
0_215.jpg,0
0_216.jpg,0
0_217.jpg,0
0_218.jpg,0
0_219.jpg,0
0_22.jpg,0
0_220.jpg,0
0_221.jpg,0
0_222.jpg,0
0_223.jpg,0
0_224.jpg,0
0_225.jpg,0
0_226.jpg,0
0_227.jpg,0
0_228.jpg,0
0_229.jpg,0
0_23.jpg,0
0_230.jpg,0
0_231.jpg,0
0_232.jpg,0
0_233.jpg,0
0_234.jpg,0
0_235.jpg,0
0_236.jpg,0
0_237.jpg,0
0_238.jpg,0
0_239.jpg,0
0_24.jpg,0
0_240.jpg,0
0_241.jpg,0
0_242.jpg,0
0_243.jpg,0
0_244.jpg,0
0_245.jpg,0
0_246.jpg,0
0_247.jpg,0
0_248.jpg,0
0_249.jpg,0
0_25.jpg,0
0_250.jpg,0
0_251.jpg,0
0_252.jpg,0
0_253.jpg,0
0_254.jpg,0
0_255.jpg,0
0_256.jpg,0
0_257.jpg,0
0_258.jpg,0
0_259.jpg,0
0_26.jpg,0
0_260.jpg,0
0_261.jpg,0
0_262.jpg,0
0_263.jpg,0
0_264.jpg,0
0_265.jpg,0
0_266.jpg,0
0_267.jpg,0
0_268.jpg,0
0_269.jpg,0
0_27.jpg,0
0_270.jpg,0
0_271.jpg,0
0_272.jpg,0
0_273.jpg,0
0_274.jpg,0
0_275.jpg,0
0_276.jpg,0
0_277.jpg,0
0_278.jpg,0
0_279.jpg,0
0_28.jpg,0
0_280.jpg,0
0_281.jpg,0
0_282.jpg,0
0_283.jpg,0
0_284.jpg,0
0_285.jpg,0
0_286.jpg,0
0_287.jpg,0
0_288.jpg,0
0_289.jpg,0
0_29.jpg,0
0_290.jpg,0
0_291.jpg,0
0_292.jpg,0
0_293.jpg,0
0_294.jpg,0
0_295.jpg,0
0_296.jpg,0
0_297.jpg,0
0_298.jpg,0
0_299.jpg,0
0_3.jpeg,0
0_30.jpg,0
0_300.jpg,0
0_301.jpg,0
0_302.jpg,0
0_303.jpg,0
0_304.jpg,0
0_305.jpg,0
0_306.jpg,0
0_307.jpg,0
0_308.jpg,0
0_309.jpg,0
0_31.jpg,0
0_310.jpg,0
0_311.jpg,0
0_312.jpg,0
0_313.jpg,0
0_314.jpg,0
0_315.jpg,0
0_316.jpg,0
0_317.jpg,0
0_318.jpg,0
0_319.jpg,0
0_32.jpg,0
0_320.jpg,0
0_321.jpg,0
0_322.jpg,0
0_323.jpg,0
0_324.jpg,0
0_325.jpg,0
0_326.jpg,0
0_327.jpg,0
0_328.jpg,0
0_329.jpg,0
0_33.jpg,0
0_330.jpg,0
0_331.jpg,0
0_332.jpg,0
0_333.jpg,0
0_334.jpg,0
0_335.jpg,0
0_336.jpg,0
0_337.jpg,0
0_338.jpg,0
0_339.jpg,0
0_34.jpg,0
0_340.jpg,0
0_341.jpg,0
0_342.jpg,0
0_343.jpg,0
0_344.jpg,0
0_345.jpg,0
0_346.jpg,0
0_347.jpg,0
0_348.jpg,0
0_349.jpg,0
0_35.jpg,0
0_350.jpg,0
0_351.jpg,0
0_352.jpg,0
0_353.jpg,0
0_354.jpg,0
0_355.jpg,0
0_356.jpg,0
0_357.jpg,0
0_358.jpg,0
0_359.jpg,0
0_36.jpg,0
0_360.jpg,0
0_361.jpg,0
0_362.jpg,0
0_363.jpg,0
0_364.jpg,0
0_365.jpg,0
0_366.jpg,0
0_367.jpg,0
0_368.jpg,0
0_369.jpg,0
0_37.jpg,0
0_370.jpg,0
0_371.jpg,0
0_372.jpg,0
0_373.jpg,0
0_374.jpg,0
0_375.jpg,0
0_376.jpg,0
0_377.jpg,0
0_378.jpg,0
0_379.jpg,0
0_38.jpg,0
0_380.jpg,0
0_381.jpg,0
0_382.jpg,0
0_383.jpg,0
0_384.jpg,0
0_385.jpg,0
0_386.jpg,0
0_387.jpg,0
0_388.jpg,0
0_389.jpg,0
0_39.jpg,0
0_390.jpg,0
0_391.jpg,0
0_392.jpg,0
0_393.jpg,0
0_394.jpg,0
0_395.jpg,0
0_396.jpg,0
0_397.jpg,0
0_398.jpg,0
0_399.jpg,0
0_4.jpeg,0
0_40.jpg,0
0_400.jpg,0
0_401.jpg,0
0_402.jpg,0
0_403.jpg,0
0_404.jpg,0
0_405.jpg,0
0_406.jpg,0
0_407.jpg,0
0_408.jpg,0
0_409.jpg,0
0_41.jpg,0
0_410.jpg,0
0_411.jpg,0
0_412.jpg,0
0_413.jpg,0
0_414.jpg,0
0_415.jpg,0
0_416.jpg,0
0_417.jpg,0
0_418.jpg,0
0_419.jpg,0
0_42.jpg,0
0_420.jpg,0
0_421.jpg,0
0_422.jpg,0
0_423.jpg,0
0_424.jpg,0
0_425.jpg,0
0_426.jpg,0
0_427.jpg,0
0_428.jpg,0
0_429.jpg,0
0_43.jpg,0
0_430.jpg,0
0_431.jpg,0
0_432.jpg,0
0_433.jpg,0
0_434.jpg,0
0_435.jpg,0
0_436.jpg,0
0_437.jpg,0
0_438.jpg,0
0_439.jpg,0
0_44.jpg,0
0_440.jpg,0
0_441.jpg,0
0_442.jpg,0
0_443.jpg,0
0_444.jpg,0
0_445.jpg,0
0_446.jpg,0
0_447.jpg,0
0_448.jpg,0
0_449.jpg,0
0_45.jpg,0
0_450.jpg,0
0_451.jpg,0
0_452.jpg,0
0_453.jpg,0
0_454.jpg,0
0_455.jpg,0
0_456.jpg,0
0_457.jpg,0
0_458.jpg,0
0_459.jpg,0
0_46.jpg,0
0_460.jpg,0
0_461.jpg,0
0_462.jpg,0
0_463.jpg,0
0_464.jpg,0
0_465.jpg,0
0_466.jpg,0
0_467.jpg,0
0_468.jpg,0
0_469.jpg,0
0_47.jpg,0
0_470.jpg,0
0_471.jpg,0
0_472.jpg,0
0_473.jpg,0
0_474.jpg,0
0_475.jpg,0
0_476.jpg,0
0_477.jpg,0
0_478.jpg,0
0_479.jpg,0
0_48.jpg,0
0_480.jpg,0
0_481.jpg,0
0_482.jpg,0
0_483.jpg,0
0_484.jpg,0
0_485.jpg,0
0_486.jpg,0
0_487.jpg,0
0_488.jpg,0
0_489.jpg,0
0_49.jpg,0
0_490.jpg,0
0_491.jpg,0
0_492.jpg,0
0_493.jpg,0
0_494.jpg,0
0_495.jpg,0
0_496.jpg,0
0_497.jpg,0
0_498.jpg,0
0_499.jpg,0
0_5.jpeg,0
0_50.jpg,0
0_500.jpg,0
0_501.jpg,0
0_502.jpg,0
0_503.jpg,0
0_504.jpg,0
0_505.jpg,0
0_506.jpg,0
0_507.jpg,0
0_508.jpg,0
0_509.jpg,0
0_51.jpg,0
0_510.jpg,0
0_511.jpg,0
0_512.jpg,0
0_513.jpg,0
0_514.jpg,0
0_515.jpg,0
0_516.jpg,0
0_517.jpg,0
0_518.jpg,0
0_519.jpg,0
0_52.jpg,0
0_520.jpg,0
0_521.jpg,0
0_522.jpg,0
0_523.jpg,0
0_524.jpg,0
0_525.jpg,0
0_526.jpg,0
0_527.jpg,0
0_528.jpg,0
0_529.jpg,0
0_53.jpg,0
0_530.jpg,0
0_531.jpg,0
0_532.jpg,0
0_533.jpg,0
0_534.jpg,0
0_535.jpg,0
0_536.jpg,0
0_537.jpg,0
0_538.jpg,0
0_539.jpg,0
0_54.jpg,0
0_540.jpg,0
0_541.jpg,0
0_542.jpg,0
0_543.jpg,0
0_544.jpg,0
0_545.jpg,0
0_546.jpg,0
0_547.jpg,0
0_548.jpg,0
0_549.jpg,0
0_55.jpg,0
0_550.jpg,0
0_551.jpg,0
0_552.jpg,0
0_553.jpg,0
0_554.jpg,0
0_555.jpg,0
0_556.jpg,0
0_557.jpg,0
0_558.jpg,0
0_559.jpg,0
0_56.jpg,0
0_560.jpg,0
0_561.jpg,0
0_562.jpg,0
0_563.jpg,0
0_564.jpg,0
0_565.jpg,0
0_566.jpg,0
0_567.jpg,0
0_568.jpg,0
0_569.jpg,0
0_57.jpg,0
0_570.jpg,0
0_571.jpg,0
0_572.jpg,0
0_573.jpg,0
0_574.jpg,0
0_575.jpg,0
0_576.jpg,0
0_577.jpg,0
0_578.jpg,0
0_579.jpg,0
0_58.jpg,0
0_580.jpg,0
0_581.jpg,0
0_582.jpg,0
0_583.jpg,0
0_584.jpg,0
0_585.jpg,0
0_586.jpg,0
0_587.jpg,0
0_588.jpg,0
0_589.jpg,0
0_59.jpg,0
0_590.jpg,0
0_591.jpg,0
0_592.jpg,0
0_593.jpg,0
0_594.jpg,0
0_595.jpg,0
0_596.jpg,0
0_597.jpg,0
0_598.jpg,0
0_599.jpg,0
0_6.jpeg,0
0_60.jpg,0
0_600.jpg,0
0_601.jpg,0
0_602.jpg,0
0_603.jpg,0
0_604.jpg,0
0_605.jpg,0
0_606.jpg,0
0_607.jpg,0
0_608.jpg,0
0_609.jpg,0
0_61.jpg,0
0_610.jpg,0
0_611.jpg,0
0_612.jpg,0
0_613.jpg,0
0_614.jpg,0
0_615.jpg,0
0_616.jpg,0
0_617.jpg,0
0_618.jpg,0
0_619.jpg,0
0_62.jpg,0
0_620.jpg,0
0_621.jpg,0
0_622.jpg,0
0_623.jpg,0
0_624.jpg,0
0_625.jpg,0
0_626.jpg,0
0_627.jpg,0
0_628.jpg,0
0_629.jpg,0
0_63.jpg,0
0_630.jpg,0
0_631.jpg,0
0_632.jpg,0
0_633.jpg,0
0_634.jpg,0
0_635.jpg,0
0_636.jpg,0
0_637.jpg,0
0_638.jpg,0
0_639.jpg,0
0_64.jpg,0
0_640.jpg,0
0_65.jpg,0
0_66.jpg,0
0_67.jpg,0
0_68.jpg,0
0_69.jpg,0
0_7.jpeg,0
0_70.jpg,0
0_71.jpg,0
0_72.jpg,0
0_73.jpg,0
0_74.jpg,0
0_75.jpg,0
0_76.jpg,0
0_77.jpg,0
0_78.jpg,0
0_79.jpg,0
0_8.jpeg,0
0_80.jpg,0
0_81.jpg,0
0_82.jpg,0
0_83.jpg,0
0_84.jpg,0
0_85.jpg,0
0_86.jpg,0
0_87.jpg,0
0_88.jpg,0
0_89.jpg,0
0_9.jpeg,0
0_90.jpg,0
0_91.jpg,0
0_92.jpg,0
0_93.jpg,0
0_94.jpg,0
0_95.jpg,0
0_96.jpg,0
0_97.jpg,0
0_98.jpg,0
0_99.jpg,0
1_0.jpeg,1
1_1.jpeg,1
1_10.jpeg,1
1_100.jpeg,1
1_101.jpeg,1
1_102.jpeg,1
1_103.jpeg,1
1_104.jpeg,1
1_105.jpeg,1
1_106.jpeg,1
1_107.jpeg,1
1_108.jpeg,1
1_109.jpeg,1
1_11.jpeg,1
1_110.jpeg,1
1_111.jpeg,1
1_112.jpeg,1
1_113.jpeg,1
1_114.jpeg,1
1_115.jpeg,1
1_116.jpeg,1
1_117.jpeg,1
1_118.jpeg,1
1_119.jpeg,1
1_12.jpeg,1
1_120.jpeg,1
1_121.jpeg,1
1_122.jpeg,1
1_123.jpeg,1
1_124.jpeg,1
1_125.jpeg,1
1_126.jpeg,1
1_127.jpeg,1
1_128.jpeg,1
1_129.jpeg,1
1_13.jpeg,1
1_130.jpeg,1
1_131.jpeg,1
1_132.jpeg,1
1_133.jpeg,1
1_134.jpeg,1
1_135.jpeg,1
1_136.jpeg,1
1_137.jpeg,1
1_138.jpeg,1
1_139.jpeg,1
1_14.jpeg,1
1_140.jpeg,1
1_141.jpeg,1
1_142.jpeg,1
1_143.jpeg,1
1_144.jpeg,1
1_145.jpeg,1
1_146.jpeg,1
1_147.jpeg,1
1_148.jpeg,1
1_149.jpeg,1
1_15.jpeg,1
1_150.jpeg,1
1_151.jpeg,1
1_152.jpeg,1
1_153.jpeg,1
1_154.jpeg,1
1_155.jpeg,1
1_156.jpeg,1
1_157.jpeg,1
1_158.jpeg,1
1_159.jpeg,1
1_16.jpeg,1
1_160.jpeg,1
1_161.jpeg,1
1_162.jpeg,1
1_163.jpeg,1
1_164.jpeg,1
1_165.jpeg,1
1_166.jpeg,1
1_167.jpeg,1
1_168.jpeg,1
1_169.jpeg,1
1_17.jpeg,1
1_170.jpeg,1
1_171.jpeg,1
1_172.jpeg,1
1_173.jpeg,1
1_174.jpeg,1
1_175.jpeg,1
1_176.jpeg,1
1_177.jpeg,1
1_178.jpeg,1
1_179.jpeg,1
1_18.jpeg,1
1_180.jpeg,1
1_181.jpeg,1
1_182.jpeg,1
1_183.jpeg,1
1_184.jpeg,1
1_185.jpeg,1
1_186.jpeg,1
1_187.jpeg,1
1_188.jpeg,1
1_189.jpeg,1
1_19.jpeg,1
1_190.jpeg,1
1_191.jpeg,1
1_192.jpeg,1
1_193.jpeg,1
1_194.jpeg,1
1_195.jpeg,1
1_196.jpeg,1
1_197.jpeg,1
1_198.jpeg,1
1_199.jpeg,1
1_2.jpeg,1
1_20.jpeg,1
1_200.jpeg,1
1_201.jpeg,1
1_202.jpeg,1
1_203.jpeg,1
1_204.jpeg,1
1_205.jpeg,1
1_206.jpeg,1
1_207.jpeg,1
1_208.jpeg,1
1_209.jpeg,1
1_21.jpeg,1
1_210.jpeg,1
1_211.jpeg,1
1_212.jpeg,1
1_213.jpeg,1
1_214.jpeg,1
1_215.jpeg,1
1_216.jpeg,1
1_217.jpeg,1
1_218.jpeg,1
1_219.jpeg,1
1_22.jpeg,1
1_220.jpeg,1
1_221.jpeg,1
1_222.jpeg,1
1_223.jpeg,1
1_224.jpeg,1
1_225.jpeg,1
1_226.jpeg,1
1_227.jpeg,1
1_228.jpeg,1
1_229.jpeg,1
1_23.jpeg,1
1_230.jpeg,1
1_231.jpeg,1
1_232.jpeg,1
1_233.jpeg,1
1_234.jpeg,1
1_235.jpeg,1
1_236.jpeg,1
1_237.jpeg,1
1_238.jpeg,1
1_239.jpeg,1
1_24.jpeg,1
1_240.jpeg,1
1_241.jpeg,1
1_242.jpeg,1
1_243.jpeg,1
1_244.jpeg,1
1_245.jpeg,1
1_246.jpeg,1
1_247.jpeg,1
1_248.jpeg,1
1_249.jpeg,1
1_25.jpeg,1
1_250.jpeg,1
1_251.jpeg,1
1_252.jpeg,1
1_253.jpeg,1
1_254.jpeg,1
1_255.jpeg,1
1_256.jpeg,1
1_257.jpeg,1
1_258.jpeg,1
1_259.jpeg,1
1_26.jpeg,1
1_260.jpeg,1
1_261.jpeg,1
1_262.jpeg,1
1_263.jpeg,1
1_264.jpeg,1
1_265.jpeg,1
1_266.jpeg,1
1_267.jpeg,1
1_268.jpeg,1
1_269.jpeg,1
1_27.jpeg,1
1_270.jpeg,1
1_271.jpeg,1
1_272.jpeg,1
1_273.jpeg,1
1_274.jpeg,1
1_275.jpeg,1
1_276.jpeg,1
1_277.jpeg,1
1_278.jpeg,1
1_279.jpeg,1
1_28.jpeg,1
1_280.jpeg,1
1_281.jpeg,1
1_282.jpeg,1
1_283.jpeg,1
1_284.jpeg,1
1_285.jpeg,1
1_286.jpeg,1
1_287.jpeg,1
1_288.jpeg,1
1_289.jpeg,1
1_29.jpeg,1
1_290.jpeg,1
1_291.jpeg,1
1_292.jpeg,1
1_293.jpeg,1
1_294.jpeg,1
1_295.jpeg,1
1_296.jpeg,1
1_297.jpeg,1
1_298.jpeg,1
1_299.jpeg,1
1_3.jpeg,1
1_30.jpeg,1
1_300.jpeg,1
1_301.jpeg,1
1_302.jpeg,1
1_303.jpeg,1
1_304.jpeg,1
1_305.jpeg,1
1_306.jpeg,1
1_307.jpeg,1
1_308.jpeg,1
1_309.jpeg,1
1_31.jpeg,1
1_310.jpeg,1
1_311.jpeg,1
1_312.jpeg,1
1_313.jpeg,1
1_314.jpeg,1
1_315.jpeg,1
1_316.jpeg,1
1_317.jpeg,1
1_318.jpeg,1
1_319.jpeg,1
1_32.jpeg,1
1_320.jpeg,1
1_321.jpeg,1
1_322.jpeg,1
1_323.jpeg,1
1_324.jpeg,1
1_325.jpeg,1
1_326.jpeg,1
1_327.jpeg,1
1_328.jpeg,1
1_329.jpeg,1
1_33.jpeg,1
1_330.jpeg,1
1_331.jpeg,1
1_332.jpeg,1
1_333.jpeg,1
1_334.jpeg,1
1_335.jpeg,1
1_336.jpeg,1
1_337.jpeg,1
1_338.jpeg,1
1_339.jpeg,1
1_34.jpeg,1
1_340.jpeg,1
1_341.jpeg,1
1_342.jpeg,1
1_343.jpeg,1
1_344.jpeg,1
1_345.jpeg,1
1_346.jpeg,1
1_347.jpeg,1
1_348.jpeg,1
1_349.jpeg,1
1_35.jpeg,1
1_350.jpeg,1
1_351.jpeg,1
1_352.jpeg,1
1_353.jpeg,1
1_354.jpg,1
1_355.jpeg,1
1_356.jpg,1
1_357.jpg,1
1_358.jpg,1
1_359.jpg,1
1_36.jpeg,1
1_360.jpg,1
1_361.jpg,1
1_362.jpg,1
1_363.jpg,1
1_364.jpg,1
1_365.jpg,1
1_366.jpeg,1
1_367.jpeg,1
1_368.jpg,1
1_369.jpeg,1
1_37.jpeg,1
1_370.jpeg,1
1_371.jpg,1
1_372.jpeg,1
1_373.jpeg,1
1_374.jpeg,1
1_375.jpeg,1
1_376.jpg,1
1_377.jpg,1
1_378.jpg,1
1_379.jpeg,1
1_38.jpeg,1
1_380.jpg,1
1_381.jpg,1
1_382.jpg,1
1_383.jpeg,1
1_384.jpeg,1
1_385.jpeg,1
1_386.jpg,1
1_387.jpg,1
1_388.jpg,1
1_389.jpg,1
1_39.jpeg,1
1_390.jpg,1
1_391.jpg,1
1_392.jpg,1
1_393.jpg,1
1_394.jpg,1
1_395.jpg,1
1_396.jpg,1
1_397.jpg,1
1_398.jpg,1
1_399.jpg,1
1_4.jpeg,1
1_40.jpeg,1
1_400.jpg,1
1_401.jpg,1
1_402.jpg,1
1_403.jpg,1
1_404.jpg,1
1_405.jpg,1
1_406.jpg,1
1_407.jpg,1
1_408.jpg,1
1_409.jpg,1
1_41.jpeg,1
1_410.jpg,1
1_411.jpg,1
1_412.jpg,1
1_413.jpg,1
1_414.jpg,1
1_415.jpg,1
1_416.jpg,1
1_417.jpg,1
1_418.jpg,1
1_419.jpg,1
1_42.jpeg,1
1_420.jpg,1
1_421.jpg,1
1_422.jpg,1
1_423.jpg,1
1_424.jpg,1
1_425.jpg,1
1_426.jpeg,1
1_427.jpg,1
1_428.jpg,1
1_429.jpg,1
1_43.jpeg,1
1_430.jpg,1
1_431.jpg,1
1_432.jpg,1
1_433.jpg,1
1_434.jpg,1
1_435.jpg,1
1_436.jpg,1
1_437.jpg,1
1_438.jpeg,1
1_439.jpg,1
1_44.jpeg,1
1_440.jpg,1
1_441.jpg,1
1_442.jpg,1
1_443.jpg,1
1_444.jpg,1
1_445.jpg,1
1_446.jpg,1
1_447.jpg,1
1_448.jpg,1
1_449.jpg,1
1_45.jpeg,1
1_450.jpg,1
1_451.jpg,1
1_452.jpg,1
1_453.jpg,1
1_454.jpg,1
1_455.jpg,1
1_456.jpg,1
1_457.jpg,1
1_458.jpg,1
1_459.jpeg,1
1_46.jpeg,1
1_460.jpg,1
1_461.jpg,1
1_462.jpg,1
1_463.jpg,1
1_464.jpg,1
1_465.jpg,1
1_466.jpg,1
1_467.jpg,1
1_468.jpg,1
1_469.jpg,1
1_47.jpeg,1
1_470.jpg,1
1_471.jpg,1
1_472.jpg,1
1_473.jpg,1
1_474.jpg,1
1_475.jpg,1
1_476.jpeg,1
1_477.jpg,1
1_478.jpg,1
1_479.jpg,1
1_48.jpeg,1
1_480.jpg,1
1_481.jpg,1
1_482.jpg,1
1_483.jpg,1
1_484.jpg,1
1_485.jpg,1
1_486.jpg,1
1_487.jpg,1
1_488.jpg,1
1_489.jpg,1
1_49.jpeg,1
1_490.jpg,1
1_491.jpg,1
1_492.jpg,1
1_493.jpg,1
1_494.jpg,1
1_495.jpg,1
1_496.jpg,1
1_497.jpg,1
1_498.jpg,1
1_499.jpg,1
1_5.jpeg,1
1_50.jpeg,1
1_500.jpg,1
1_501.jpg,1
1_502.jpg,1
1_503.jpg,1
1_504.jpg,1
1_505.jpg,1
1_506.jpg,1
1_507.jpg,1
1_508.jpg,1
1_509.jpg,1
1_51.jpeg,1
1_510.jpg,1
1_511.jpg,1
1_512.jpg,1
1_513.jpg,1
1_514.jpg,1
1_515.jpg,1
1_516.jpg,1
1_517.jpg,1
1_518.jpg,1
1_519.jpg,1
1_52.jpeg,1
1_520.jpg,1
1_521.jpg,1
1_522.jpg,1
1_523.jpg,1
1_524.jpg,1
1_525.jpg,1
1_526.jpg,1
1_527.jpg,1
1_528.jpg,1
1_529.jpg,1
1_53.jpeg,1
1_530.jpg,1
1_531.jpg,1
1_532.jpg,1
1_533.jpg,1
1_534.jpg,1
1_535.jpg,1
1_536.jpg,1
1_537.jpg,1
1_538.jpg,1
1_539.jpg,1
1_54.jpeg,1
1_540.jpg,1
1_541.jpg,1
1_542.jpg,1
1_543.jpg,1
1_544.jpg,1
1_545.jpg,1
1_546.jpg,1
1_547.jpg,1
1_548.jpg,1
1_549.jpg,1
1_55.jpeg,1
1_550.jpg,1
1_551.jpg,1
1_552.jpg,1
1_553.jpg,1
1_554.jpg,1
1_555.jpg,1
1_556.jpg,1
1_557.jpg,1
1_558.jpg,1
1_559.jpg,1
1_56.jpeg,1
1_560.jpg,1
1_561.jpg,1
1_562.jpg,1
1_563.jpg,1
1_564.jpg,1
1_565.jpg,1
1_566.jpg,1
1_567.jpg,1
1_568.jpg,1
1_569.jpg,1
1_57.jpeg,1
1_570.jpg,1
1_571.jpg,1
1_572.jpg,1
1_573.jpg,1
1_574.jpg,1
1_575.jpg,1
1_576.jpg,1
1_577.jpg,1
1_578.jpg,1
1_579.jpg,1
1_58.jpeg,1
1_580.jpg,1
1_581.jpg,1
1_582.jpg,1
1_583.jpg,1
1_584.jpg,1
1_585.jpg,1
1_586.jpg,1
1_587.jpg,1
1_588.jpg,1
1_589.jpg,1
1_59.jpeg,1
1_590.jpg,1
1_591.jpg,1
1_592.jpg,1
1_593.jpg,1
1_594.jpg,1
1_595.jpg,1
1_596.jpg,1
1_597.jpg,1
1_598.jpg,1
1_599.jpg,1
1_6.jpeg,1
1_60.jpeg,1
1_600.jpg,1
1_601.jpg,1
1_602.jpg,1
1_603.jpg,1
1_604.jpg,1
1_605.jpg,1
1_606.jpg,1
1_607.jpg,1
1_608.jpg,1
1_609.jpg,1
1_61.jpeg,1
1_610.jpg,1
1_611.jpg,1
1_612.jpg,1
1_613.jpg,1
1_614.jpg,1
1_615.jpg,1
1_616.jpg,1
1_617.jpg,1
1_618.jpg,1
1_619.jpg,1
1_62.jpeg,1
1_620.jpg,1
1_621.jpg,1
1_622.jpg,1
1_623.jpg,1
1_624.jpg,1
1_625.jpg,1
1_626.jpg,1
1_627.jpg,1
1_628.jpg,1
1_629.jpg,1
1_63.jpeg,1
1_630.jpg,1
1_631.jpg,1
1_632.jpg,1
1_633.jpg,1
1_634.jpg,1
1_635.jpg,1
1_636.jpg,1
1_637.jpg,1
1_638.jpg,1
1_639.jpg,1
1_64.jpeg,1
1_640.jpg,1
1_641.jpg,1
1_642.jpg,1
1_643.jpg,1
1_644.jpg,1
1_645.jpg,1
1_646.jpg,1
1_647.jpg,1
1_648.jpg,1
1_649.jpg,1
1_65.jpeg,1
1_650.jpg,1
1_651.jpg,1
1_652.jpg,1
1_653.jpg,1
1_654.jpg,1
1_655.jpg,1
1_656.jpg,1
1_657.jpg,1
1_658.jpg,1
1_659.jpg,1
1_66.jpeg,1
1_660.jpg,1
1_661.jpg,1
1_662.jpg,1
1_663.jpg,1
1_664.jpg,1
1_665.jpg,1
1_666.jpg,1
1_667.jpg,1
1_668.jpg,1
1_669.jpg,1
1_67.jpeg,1
1_670.jpg,1
1_671.jpg,1
1_672.jpg,1
1_673.jpg,1
1_674.jpg,1
1_675.jpg,1
1_676.jpg,1
1_677.jpg,1
1_678.jpg,1
1_679.jpg,1
1_68.jpeg,1
1_680.jpg,1
1_681.jpg,1
1_682.jpg,1
1_683.jpg,1
1_684.jpg,1
1_685.jpg,1
1_686.jpg,1
1_687.jpg,1
1_688.jpg,1
1_689.jpg,1
1_69.jpeg,1
1_690.jpg,1
1_691.jpg,1
1_692.jpg,1
1_693.jpg,1
1_694.jpg,1
1_695.jpg,1
1_696.jpg,1
1_697.jpg,1
1_698.jpg,1
1_699.jpg,1
1_7.jpeg,1
1_70.jpeg,1
1_700.jpg,1
1_701.jpg,1
1_702.jpg,1
1_703.jpg,1
1_704.jpg,1
1_705.jpg,1
1_706.jpg,1
1_707.jpg,1
1_708.jpg,1
1_709.jpg,1
1_71.jpeg,1
1_710.jpg,1
1_711.jpg,1
1_712.jpg,1
1_713.jpg,1
1_714.jpg,1
1_715.jpg,1
1_716.jpg,1
1_717.jpg,1
1_718.jpg,1
1_719.jpg,1
1_72.jpeg,1
1_720.jpg,1
1_721.jpg,1
1_722.jpg,1
1_723.jpg,1
1_724.jpg,1
1_725.jpg,1
1_726.jpg,1
1_727.jpg,1
1_728.jpg,1
1_729.jpg,1
1_73.jpeg,1
1_730.jpg,1
1_731.jpg,1
1_732.jpg,1
1_733.jpg,1
1_734.jpg,1
1_735.jpg,1
1_736.jpg,1
1_737.jpg,1
1_738.jpg,1
1_739.jpg,1
1_74.jpeg,1
1_740.jpg,1
1_741.jpg,1
1_75.jpeg,1
1_76.jpeg,1
1_77.jpeg,1
1_78.jpeg,1
1_79.jpeg,1
1_8.jpeg,1
1_80.jpeg,1
1_81.jpeg,1
1_82.jpeg,1
1_83.jpeg,1
1_84.jpeg,1
1_85.jpeg,1
1_86.jpeg,1
1_87.jpeg,1
1_88.jpeg,1
1_89.jpeg,1
1_9.jpeg,1
1_90.jpeg,1
1_91.jpeg,1
1_92.jpeg,1
1_93.jpeg,1
1_94.jpeg,1
1_95.jpeg,1
1_96.jpeg,1
1_97.jpeg,1
1_98.jpeg,1
1_99.jpeg,1
2_0.jpeg,2
2_1.jpeg,2
2_10.jpeg,2
2_100.jpeg,2
2_101.jpeg,2
2_102.jpeg,2
2_103.jpeg,2
2_104.jpeg,2
2_105.jpeg,2
2_106.jpeg,2
2_107.jpeg,2
2_108.jpeg,2
2_109.jpeg,2
2_11.jpeg,2
2_110.jpeg,2
2_111.jpeg,2
2_112.jpeg,2
2_113.jpeg,2
2_114.jpeg,2
2_115.jpeg,2
2_116.jpeg,2
2_117.jpeg,2
2_118.jpeg,2
2_119.jpeg,2
2_12.jpeg,2
2_120.jpeg,2
2_121.jpeg,2
2_122.jpeg,2
2_123.jpeg,2
2_124.jpeg,2
2_125.jpeg,2
2_126.jpeg,2
2_127.jpeg,2
2_128.jpeg,2
2_129.jpeg,2
2_13.jpeg,2
2_130.jpeg,2
2_131.jpeg,2
2_132.jpeg,2
2_133.jpeg,2
2_134.jpeg,2
2_135.jpeg,2
2_136.jpeg,2
2_137.jpeg,2
2_138.jpeg,2
2_139.jpeg,2
2_14.jpeg,2
2_140.jpeg,2
2_141.jpeg,2
2_142.jpeg,2
2_143.jpeg,2
2_144.jpeg,2
2_145.jpeg,2
2_146.jpeg,2
2_147.jpeg,2
2_148.jpeg,2
2_149.jpeg,2
2_15.jpeg,2
2_150.jpeg,2
2_151.jpeg,2
2_152.jpeg,2
2_153.jpeg,2
2_154.jpeg,2
2_155.jpeg,2
2_156.jpeg,2
2_157.jpeg,2
2_158.jpeg,2
2_159.jpeg,2
2_16.jpeg,2
2_160.jpeg,2
2_161.jpeg,2
2_162.jpeg,2
2_163.jpeg,2
2_164.jpeg,2
2_165.jpeg,2
2_166.jpeg,2
2_167.jpeg,2
2_168.jpeg,2
2_169.jpeg,2
2_17.jpeg,2
2_170.jpeg,2
2_171.jpeg,2
2_172.jpeg,2
2_173.jpeg,2
2_174.jpeg,2
2_175.jpeg,2
2_176.jpeg,2
2_177.jpeg,2
2_178.jpeg,2
2_179.jpeg,2
2_18.jpeg,2
2_180.jpeg,2
2_181.jpeg,2
2_182.jpeg,2
2_183.jpeg,2
2_184.jpeg,2
2_185.jpeg,2
2_186.jpeg,2
2_187.jpeg,2
2_188.jpeg,2
2_189.jpeg,2
2_19.jpeg,2
2_190.jpeg,2
2_191.jpeg,2
2_192.jpeg,2
2_193.jpeg,2
2_194.jpeg,2
2_195.jpeg,2
2_196.jpeg,2
2_197.jpeg,2
2_198.jpeg,2
2_199.jpeg,2
2_2.jpeg,2
2_20.jpeg,2
2_200.jpeg,2
2_201.jpeg,2
2_202.jpeg,2
2_203.jpeg,2
2_204.jpeg,2
2_205.jpeg,2
2_206.jpeg,2
2_207.jpeg,2
2_208.jpeg,2
2_209.jpeg,2
2_21.jpeg,2
2_210.jpeg,2
2_211.jpeg,2
2_212.jpeg,2
2_213.jpeg,2
2_214.jpeg,2
2_215.jpeg,2
2_216.jpeg,2
2_217.jpeg,2
2_218.jpeg,2
2_219.jpeg,2
2_22.jpeg,2
2_220.jpeg,2
2_221.jpeg,2
2_222.jpeg,2
2_223.jpeg,2
2_224.jpeg,2
2_225.jpeg,2
2_226.jpeg,2
2_227.jpeg,2
2_228.jpeg,2
2_229.jpeg,2
2_23.jpeg,2
2_230.jpeg,2
2_231.jpeg,2
2_232.jpeg,2
2_233.jpeg,2
2_234.jpeg,2
2_235.jpeg,2
2_236.jpeg,2
2_237.jpeg,2
2_238.jpeg,2
2_239.jpeg,2
2_24.jpeg,2
2_240.jpeg,2
2_241.jpeg,2
2_242.jpeg,2
2_243.jpeg,2
2_244.jpeg,2
2_245.jpeg,2
2_246.jpeg,2
2_247.jpeg,2
2_248.jpeg,2
2_249.jpeg,2
2_25.jpeg,2
2_250.jpeg,2
2_251.jpeg,2
2_252.jpeg,2
2_253.jpeg,2
2_254.jpeg,2
2_255.jpeg,2
2_256.jpeg,2
2_257.jpeg,2
2_258.jpeg,2
2_259.jpeg,2
2_26.jpeg,2
2_260.jpeg,2
2_261.jpeg,2
2_262.jpeg,2
2_263.jpeg,2
2_264.jpeg,2
2_265.jpeg,2
2_266.jpeg,2
2_267.jpeg,2
2_268.jpeg,2
2_269.jpeg,2
2_27.jpeg,2
2_270.jpeg,2
2_271.jpeg,2
2_272.jpeg,2
2_273.jpeg,2
2_274.jpeg,2
2_275.jpeg,2
2_276.jpeg,2
2_277.jpeg,2
2_278.jpeg,2
2_279.jpeg,2
2_28.jpeg,2
2_280.jpeg,2
2_281.jpeg,2
2_282.jpeg,2
2_283.jpeg,2
2_284.jpeg,2
2_285.jpeg,2
2_286.jpeg,2
2_287.jpeg,2
2_288.jpeg,2
2_289.jpeg,2
2_29.jpeg,2
2_290.jpeg,2
2_291.jpeg,2
2_292.jpeg,2
2_293.jpeg,2
2_294.jpeg,2
2_295.jpeg,2
2_296.jpeg,2
2_297.jpeg,2
2_298.jpeg,2
2_299.jpeg,2
2_3.jpeg,2
2_30.jpeg,2
2_300.jpeg,2
2_301.jpeg,2
2_302.jpeg,2
2_303.jpeg,2
2_304.jpeg,2
2_305.jpeg,2
2_306.jpeg,2
2_307.jpeg,2
2_308.jpeg,2
2_309.jpeg,2
2_31.jpeg,2
2_310.jpeg,2
2_311.jpeg,2
2_312.jpeg,2
2_313.jpeg,2
2_314.jpeg,2
2_315.jpeg,2
2_316.jpeg,2
2_317.jpeg,2
2_318.jpeg,2
2_319.jpeg,2
2_32.jpeg,2
2_320.jpeg,2
2_321.jpeg,2
2_322.jpeg,2
2_323.jpeg,2
2_324.jpeg,2
2_325.jpeg,2
2_326.jpeg,2
2_327.jpeg,2
2_328.jpeg,2
2_329.jpeg,2
2_33.jpeg,2
2_330.jpeg,2
2_331.jpeg,2
2_332.jpeg,2
2_333.jpeg,2
2_334.jpeg,2
2_335.jpeg,2
2_336.jpeg,2
2_337.jpeg,2
2_338.jpeg,2
2_339.jpeg,2
2_34.jpeg,2
2_340.jpeg,2
2_341.jpeg,2
2_342.jpeg,2
2_343.jpeg,2
2_344.jpeg,2
2_345.jpeg,2
2_346.jpeg,2
2_347.jpeg,2
2_348.jpeg,2
2_349.jpeg,2
2_35.jpeg,2
2_350.jpeg,2
2_351.jpeg,2
2_352.jpeg,2
2_353.jpeg,2
2_354.jpeg,2
2_355.jpeg,2
2_356.jpeg,2
2_357.jpeg,2
2_358.jpeg,2
2_359.jpeg,2
2_36.jpeg,2
2_360.jpeg,2
2_361.jpeg,2
2_362.jpeg,2
2_363.jpeg,2
2_364.jpeg,2
2_365.jpeg,2
2_366.jpeg,2
2_367.jpeg,2
2_368.jpeg,2
2_369.jpeg,2
2_37.jpeg,2
2_370.jpeg,2
2_371.jpeg,2
2_372.jpeg,2
2_373.jpeg,2
2_374.jpeg,2
2_375.jpeg,2
2_376.jpeg,2
2_377.jpeg,2
2_378.jpeg,2
2_379.jpeg,2
2_38.jpeg,2
2_380.jpeg,2
2_381.jpeg,2
2_382.jpeg,2
2_383.jpeg,2
2_384.jpeg,2
2_385.jpeg,2
2_386.jpeg,2
2_387.jpeg,2
2_388.jpeg,2
2_389.jpeg,2
2_39.jpeg,2
2_390.jpeg,2
2_391.jpeg,2
2_392.jpeg,2
2_393.jpg,2
2_394.jpg,2
2_395.jpg,2
2_396.jpg,2
2_397.jpg,2
2_398.jpg,2
2_399.jpg,2
2_4.jpeg,2
2_40.jpeg,2
2_400.jpg,2
2_401.jpg,2
2_402.jpg,2
2_403.jpg,2
2_404.jpg,2
2_405.jpg,2
2_406.jpg,2
2_407.jpg,2
2_408.jpg,2
2_409.jpg,2
2_41.jpeg,2
2_410.jpg,2
2_411.jpg,2
2_412.jpg,2
2_413.jpg,2
2_414.jpg,2
2_415.jpg,2
2_416.jpg,2
2_417.jpg,2
2_418.jpg,2
2_419.jpg,2
2_42.jpeg,2
2_420.jpg,2
2_421.jpg,2
2_422.jpg,2
2_423.jpg,2
2_424.jpg,2
2_425.jpg,2
2_426.jpg,2
2_427.jpg,2
2_428.jpg,2
2_429.jpg,2
2_43.jpeg,2
2_430.jpg,2
2_431.jpg,2
2_432.jpg,2
2_433.jpg,2
2_434.jpg,2
2_435.jpg,2
2_436.jpg,2
2_437.jpg,2
2_438.jpg,2
2_439.jpg,2
2_44.jpeg,2
2_440.jpg,2
2_441.jpg,2
2_442.jpg,2
2_443.jpg,2
2_444.jpg,2
2_445.jpg,2
2_446.jpg,2
2_447.jpg,2
2_448.jpg,2
2_449.jpg,2
2_45.jpeg,2
2_450.jpg,2
2_451.jpg,2
2_452.jpg,2
2_453.jpg,2
2_454.jpg,2
2_455.jpg,2
2_456.jpg,2
2_457.jpg,2
2_458.jpg,2
2_459.jpg,2
2_46.jpeg,2
2_460.jpg,2
2_461.jpg,2
2_462.jpg,2
2_463.jpg,2
2_464.jpg,2
2_465.jpg,2
2_466.jpg,2
2_467.jpg,2
2_468.jpg,2
2_469.jpg,2
2_47.jpeg,2
2_470.jpg,2
2_471.jpg,2
2_472.jpg,2
2_473.jpg,2
2_474.jpg,2
2_475.jpg,2
2_476.jpg,2
2_477.jpg,2
2_478.jpg,2
2_479.jpg,2
2_48.jpeg,2
2_480.jpg,2
2_481.jpg,2
2_482.jpg,2
2_483.jpg,2
2_484.jpg,2
2_485.jpg,2
2_486.jpg,2
2_487.jpg,2
2_488.jpg,2
2_489.jpg,2
2_49.jpeg,2
2_490.jpeg,2
2_491.jpg,2
2_492.jpg,2
2_493.jpg,2
2_494.jpg,2
2_495.jpg,2
2_496.jpg,2
2_497.jpg,2
2_498.jpeg,2
2_499.jpeg,2
2_5.jpeg,2
2_50.jpeg,2
2_500.jpg,2
2_501.jpeg,2
2_502.jpeg,2
2_503.jpeg,2
2_504.jpeg,2
2_505.jpeg,2
2_506.jpeg,2
2_507.jpg,2
2_508.jpg,2
2_509.jpg,2
2_51.jpeg,2
2_510.jpg,2
2_511.jpeg,2
2_512.jpg,2
2_513.jpg,2
2_514.jpeg,2
2_515.jpeg,2
2_516.jpg,2
2_517.jpeg,2
2_518.jpeg,2
2_519.jpg,2
2_52.jpeg,2
2_520.jpg,2
2_521.jpg,2
2_522.jpg,2
2_523.jpg,2
2_524.jpg,2
2_525.jpg,2
2_526.jpg,2
2_527.jpg,2
2_528.jpg,2
2_529.jpg,2
2_53.jpeg,2
2_530.jpg,2
2_531.jpg,2
2_532.jpg,2
2_533.jpg,2
2_534.jpg,2
2_535.jpg,2
2_536.jpg,2
2_537.jpg,2
2_538.jpg,2
2_539.jpg,2
2_54.jpeg,2
2_540.jpg,2
2_541.jpg,2
2_542.jpg,2
2_543.jpg,2
2_544.jpg,2
2_545.jpg,2
2_546.jpg,2
2_547.jpg,2
2_548.jpg,2
2_549.jpg,2
2_55.jpeg,2
2_550.jpg,2
2_551.jpeg,2
2_552.jpg,2
2_553.jpg,2
2_554.jpg,2
2_555.jpg,2
2_556.jpeg,2
2_557.jpg,2
2_558.jpg,2
2_559.jpg,2
2_56.jpeg,2
2_560.jpg,2
2_561.jpg,2
2_562.jpg,2
2_563.jpg,2
2_564.jpg,2
2_565.jpg,2
2_566.jpeg,2
2_567.jpg,2
2_568.jpg,2
2_569.jpg,2
2_57.jpeg,2
2_570.jpg,2
2_571.jpg,2
2_572.jpg,2
2_573.jpg,2
2_574.jpg,2
2_575.jpg,2
2_576.jpg,2
2_577.jpeg,2
2_578.jpg,2
2_579.jpg,2
2_58.jpeg,2
2_580.jpg,2
2_581.jpg,2
2_582.jpg,2
2_583.jpg,2
2_584.jpg,2
2_585.jpg,2
2_586.jpg,2
2_587.jpg,2
2_588.jpeg,2
2_589.jpg,2
2_59.jpeg,2
2_590.jpg,2
2_591.jpg,2
2_592.jpg,2
2_593.jpg,2
2_594.jpg,2
2_595.jpg,2
2_596.jpg,2
2_597.jpg,2
2_598.jpg,2
2_599.jpg,2
2_6.jpeg,2
2_60.jpeg,2
2_600.jpg,2
2_601.jpg,2
2_602.jpg,2
2_603.jpg,2
2_604.jpg,2
2_605.jpg,2
2_606.jpg,2
2_607.jpg,2
2_608.jpg,2
2_609.jpg,2
2_61.jpeg,2
2_610.jpg,2
2_611.jpg,2
2_612.jpg,2
2_613.jpg,2
2_614.jpg,2
2_615.jpg,2
2_616.jpg,2
2_617.jpg,2
2_618.jpg,2
2_619.jpg,2
2_62.jpeg,2
2_620.jpg,2
2_621.jpg,2
2_622.jpg,2
2_623.jpg,2
2_624.jpg,2
2_625.jpg,2
2_626.jpg,2
2_627.jpg,2
2_628.jpg,2
2_629.jpg,2
2_63.jpeg,2
2_630.jpg,2
2_631.jpg,2
2_632.jpg,2
2_633.jpg,2
2_634.jpg,2
2_635.jpg,2
2_636.jpg,2
2_637.jpg,2
2_638.jpg,2
2_639.jpg,2
2_64.jpeg,2
2_640.jpg,2
2_641.jpg,2
2_642.jpg,2
2_643.jpg,2
2_644.jpg,2
2_645.jpg,2
2_646.jpg,2
2_647.jpg,2
2_648.jpg,2
2_649.jpg,2
2_65.jpeg,2
2_650.jpg,2
2_651.jpg,2
2_652.jpg,2
2_653.jpg,2
2_654.jpg,2
2_655.jpg,2
2_656.jpg,2
2_657.jpg,2
2_658.jpg,2
2_659.jpg,2
2_66.jpeg,2
2_660.jpg,2
2_661.jpg,2
2_662.jpg,2
2_663.jpg,2
2_664.jpg,2
2_665.jpg,2
2_666.jpg,2
2_667.jpg,2
2_668.jpg,2
2_669.jpg,2
2_67.jpeg,2
2_670.jpg,2
2_671.jpg,2
2_672.jpg,2
2_673.jpg,2
2_674.jpg,2
2_675.jpg,2
2_676.jpg,2
2_677.jpg,2
2_678.jpg,2
2_679.jpg,2
2_68.jpeg,2
2_680.jpg,2
2_681.jpg,2
2_682.jpg,2
2_683.jpg,2
2_684.jpg,2
2_685.jpg,2
2_686.jpg,2
2_687.jpg,2
2_688.jpg,2
2_689.jpg,2
2_69.jpeg,2
2_690.jpg,2
2_691.jpg,2
2_692.jpg,2
2_693.jpg,2
2_694.jpg,2
2_695.jpg,2
2_696.jpg,2
2_697.jpg,2
2_698.jpg,2
2_699.jpg,2
2_7.jpeg,2
2_70.jpeg,2
2_700.jpg,2
2_701.jpg,2
2_702.jpg,2
2_703.jpg,2
2_704.jpg,2
2_705.jpg,2
2_706.jpg,2
2_707.jpg,2
2_708.jpg,2
2_709.jpg,2
2_71.jpeg,2
2_710.jpg,2
2_711.jpg,2
2_712.jpg,2
2_713.jpg,2
2_714.jpg,2
2_715.jpg,2
2_716.jpg,2
2_717.jpg,2
2_718.jpg,2
2_719.jpg,2
2_72.jpeg,2
2_720.jpg,2
2_721.jpg,2
2_722.jpg,2
2_723.jpg,2
2_724.jpg,2
2_725.jpg,2
2_726.jpg,2
2_727.jpg,2
2_728.jpg,2
2_729.jpg,2
2_73.jpeg,2
2_730.jpg,2
2_731.jpg,2
2_732.jpg,2
2_733.jpg,2
2_734.jpg,2
2_735.jpg,2
2_736.jpg,2
2_737.jpg,2
2_738.jpg,2
2_739.jpg,2
2_74.jpeg,2
2_740.jpg,2
2_741.jpg,2
2_742.jpg,2
2_743.jpg,2
2_744.jpg,2
2_745.jpg,2
2_746.jpg,2
2_747.jpg,2
2_748.jpg,2
2_749.jpg,2
2_75.jpeg,2
2_76.jpeg,2
2_77.jpeg,2
2_78.jpeg,2
2_79.jpeg,2
2_8.jpeg,2
2_80.jpeg,2
2_81.jpeg,2
2_82.jpeg,2
2_83.jpeg,2
2_84.jpeg,2
2_85.jpeg,2
2_86.jpeg,2
2_87.jpeg,2
2_88.jpeg,2
2_89.jpeg,2
2_9.jpeg,2
2_90.jpeg,2
2_91.jpeg,2
2_92.jpeg,2
2_93.jpeg,2
2_94.jpeg,2
2_95.jpeg,2
2_96.jpeg,2
2_97.jpeg,2
2_98.jpeg,2
2_99.jpeg,2
3_0.jpeg,3
3_1.jpeg,3
3_10.jpeg,3
3_100.jpeg,3
3_101.jpeg,3
3_102.jpeg,3
3_103.jpeg,3
3_104.jpeg,3
3_105.jpeg,3
3_106.jpeg,3
3_107.jpeg,3
3_108.jpeg,3
3_109.jpeg,3
3_11.jpeg,3
3_110.jpeg,3
3_111.jpeg,3
3_112.jpeg,3
3_113.jpeg,3
3_114.jpeg,3
3_115.jpeg,3
3_116.jpeg,3
3_117.jpeg,3
3_118.jpeg,3
3_119.jpeg,3
3_12.jpeg,3
3_120.jpeg,3
3_121.jpeg,3
3_122.jpeg,3
3_123.jpeg,3
3_124.jpeg,3
3_125.jpeg,3
3_126.jpeg,3
3_127.jpeg,3
3_128.jpeg,3
3_129.jpeg,3
3_13.jpeg,3
3_130.jpeg,3
3_131.jpeg,3
3_132.jpeg,3
3_133.jpeg,3
3_134.jpeg,3
3_135.jpeg,3
3_136.jpeg,3
3_137.jpeg,3
3_138.jpeg,3
3_139.jpeg,3
3_14.jpeg,3
3_140.jpeg,3
3_141.jpeg,3
3_142.jpeg,3
3_143.jpeg,3
3_144.jpeg,3
3_145.jpeg,3
3_146.jpeg,3
3_147.jpeg,3
3_148.jpeg,3
3_149.jpeg,3
3_15.jpeg,3
3_150.jpeg,3
3_151.jpeg,3
3_152.jpeg,3
3_153.jpeg,3
3_154.jpeg,3
3_155.jpeg,3
3_156.jpeg,3
3_157.jpeg,3
3_158.jpeg,3
3_159.jpeg,3
3_16.jpeg,3
3_160.jpeg,3
3_161.jpeg,3
3_162.jpeg,3
3_163.jpeg,3
3_164.jpeg,3
3_165.jpeg,3
3_166.jpeg,3
3_167.jpeg,3
3_168.jpeg,3
3_169.jpeg,3
3_17.jpeg,3
3_170.jpeg,3
3_171.jpeg,3
3_172.jpeg,3
3_173.jpeg,3
3_174.jpeg,3
3_175.jpeg,3
3_176.jpeg,3
3_177.jpeg,3
3_178.jpeg,3
3_179.jpeg,3
3_18.jpeg,3
3_180.jpeg,3
3_181.jpeg,3
3_182.jpeg,3
3_183.jpeg,3
3_184.jpeg,3
3_185.jpeg,3
3_186.jpeg,3
3_187.jpeg,3
3_188.jpeg,3
3_189.jpeg,3
3_19.jpeg,3
3_190.jpeg,3
3_191.jpeg,3
3_192.jpeg,3
3_193.jpeg,3
3_194.jpeg,3
3_195.jpeg,3
3_196.jpeg,3
3_197.jpeg,3
3_198.jpeg,3
3_199.jpeg,3
3_2.jpeg,3
3_20.jpeg,3
3_200.jpeg,3
3_201.jpeg,3
3_202.jpeg,3
3_203.jpeg,3
3_204.jpeg,3
3_205.jpeg,3
3_206.jpeg,3
3_207.jpeg,3
3_208.jpeg,3
3_209.jpeg,3
3_21.jpeg,3
3_210.jpeg,3
3_211.jpeg,3
3_212.jpeg,3
3_213.jpeg,3
3_214.jpeg,3
3_215.jpeg,3
3_216.jpeg,3
3_217.jpeg,3
3_218.jpeg,3
3_219.jpeg,3
3_22.jpeg,3
3_220.jpeg,3
3_221.jpeg,3
3_222.jpeg,3
3_223.jpeg,3
3_224.jpeg,3
3_225.jpeg,3
3_226.jpeg,3
3_227.jpeg,3
3_228.jpeg,3
3_229.jpeg,3
3_23.jpeg,3
3_230.jpeg,3
3_231.jpeg,3
3_232.jpeg,3
3_233.jpeg,3
3_234.jpeg,3
3_235.jpeg,3
3_236.jpeg,3
3_237.jpeg,3
3_238.jpeg,3
3_239.jpeg,3
3_24.jpeg,3
3_240.jpeg,3
3_241.jpeg,3
3_242.jpeg,3
3_243.jpeg,3
3_244.jpeg,3
3_245.jpeg,3
3_246.jpeg,3
3_247.jpeg,3
3_248.jpeg,3
3_249.jpeg,3
3_25.jpeg,3
3_250.jpeg,3
3_251.jpeg,3
3_252.jpeg,3
3_253.jpeg,3
3_254.jpeg,3
3_255.jpeg,3
3_256.jpeg,3
3_257.jpeg,3
3_258.jpeg,3
3_259.jpeg,3
3_26.jpeg,3
3_260.jpeg,3
3_261.jpeg,3
3_262.jpeg,3
3_263.jpeg,3
3_264.jpeg,3
3_265.jpeg,3
3_266.jpeg,3
3_267.jpeg,3
3_268.jpeg,3
3_269.jpeg,3
3_27.jpeg,3
3_270.jpeg,3
3_271.jpeg,3
3_272.jpeg,3
3_273.jpeg,3
3_274.jpeg,3
3_275.jpeg,3
3_276.jpeg,3
3_277.jpeg,3
3_278.jpeg,3
3_279.jpeg,3
3_28.jpeg,3
3_280.jpeg,3
3_281.jpeg,3
3_282.jpeg,3
3_283.jpeg,3
3_284.jpeg,3
3_285.jpeg,3
3_286.jpeg,3
3_287.jpeg,3
3_288.jpeg,3
3_289.jpeg,3
3_29.jpeg,3
3_290.jpeg,3
3_291.jpeg,3
3_292.jpeg,3
3_293.jpeg,3
3_294.jpeg,3
3_295.jpeg,3
3_296.jpeg,3
3_297.jpeg,3
3_298.jpeg,3
3_299.jpeg,3
3_3.jpeg,3
3_30.jpeg,3
3_300.jpeg,3
3_301.jpeg,3
3_302.jpeg,3
3_303.jpeg,3
3_304.jpeg,3
3_305.jpeg,3
3_306.jpeg,3
3_307.jpeg,3
3_308.jpeg,3
3_309.jpeg,3
3_31.jpeg,3
3_310.jpeg,3
3_311.jpeg,3
3_312.jpeg,3
3_313.jpeg,3
3_314.jpeg,3
3_315.jpeg,3
3_316.jpeg,3
3_317.jpeg,3
3_318.jpeg,3
3_319.jpeg,3
3_32.jpeg,3
3_320.jpeg,3
3_321.jpeg,3
3_322.jpeg,3
3_323.jpeg,3
3_324.jpeg,3
3_325.jpeg,3
3_326.jpeg,3
3_327.jpeg,3
3_328.jpeg,3
3_329.jpeg,3
3_33.jpeg,3
3_330.jpeg,3
3_331.jpeg,3
3_332.jpeg,3
3_333.jpeg,3
3_334.jpeg,3
3_335.jpeg,3
3_336.jpeg,3
3_337.jpeg,3
3_338.jpeg,3
3_339.jpeg,3
3_34.jpeg,3
3_340.jpeg,3
3_341.jpeg,3
3_342.jpeg,3
3_343.jpeg,3
3_344.jpeg,3
3_345.jpeg,3
3_346.jpeg,3
3_347.jpeg,3
3_348.jpeg,3
3_349.jpeg,3
3_35.jpeg,3
3_350.jpeg,3
3_351.jpeg,3
3_352.jpeg,3
3_353.jpeg,3
3_354.jpeg,3
3_355.jpeg,3
3_356.jpeg,3
3_357.jpeg,3
3_358.jpeg,3
3_359.jpeg,3
3_36.jpeg,3
3_360.jpeg,3
3_361.jpeg,3
3_362.jpeg,3
3_363.jpeg,3
3_364.jpeg,3
3_365.jpeg,3
3_366.jpeg,3
3_367.jpeg,3
3_368.jpeg,3
3_369.jpeg,3
3_37.jpeg,3
3_370.jpg,3
3_371.jpg,3
3_372.jpg,3
3_373.jpg,3
3_374.jpg,3
3_375.jpg,3
3_376.jpg,3
3_377.jpg,3
3_378.jpg,3
3_379.jpg,3
3_38.jpeg,3
3_380.jpg,3
3_381.jpg,3
3_382.jpg,3
3_383.jpg,3
3_384.jpg,3
3_385.jpg,3
3_386.jpg,3
3_387.jpg,3
3_388.jpg,3
3_389.jpg,3
3_39.jpeg,3
3_390.jpg,3
3_391.jpg,3
3_392.jpg,3
3_393.jpg,3
3_394.jpg,3
3_395.jpg,3
3_396.jpg,3
3_397.jpg,3
3_398.jpg,3
3_399.jpg,3
3_4.jpeg,3
3_40.jpeg,3
3_400.jpg,3
3_401.jpg,3
3_402.jpg,3
3_403.jpg,3
3_404.jpg,3
3_405.jpg,3
3_406.jpg,3
3_407.jpg,3
3_408.jpg,3
3_409.jpg,3
3_41.jpeg,3
3_410.jpg,3
3_411.jpg,3
3_412.jpg,3
3_413.jpg,3
3_414.jpg,3
3_415.jpg,3
3_416.jpg,3
3_417.jpg,3
3_418.jpg,3
3_419.jpg,3
3_42.jpeg,3
3_420.jpg,3
3_421.jpg,3
3_422.jpg,3
3_423.jpg,3
3_424.jpg,3
3_425.jpg,3
3_426.jpg,3
3_427.jpg,3
3_428.jpg,3
3_429.jpg,3
3_43.jpeg,3
3_430.jpg,3
3_431.jpg,3
3_432.jpg,3
3_433.jpg,3
3_434.jpg,3
3_435.jpg,3
3_436.jpg,3
3_437.jpg,3
3_438.jpg,3
3_439.jpg,3
3_44.jpeg,3
3_440.jpg,3
3_441.jpg,3
3_442.jpg,3
3_443.jpg,3
3_444.jpg,3
3_445.jpg,3
3_446.jpg,3
3_447.jpg,3
3_448.jpg,3
3_449.jpg,3
3_45.jpeg,3
3_450.jpg,3
3_451.jpg,3
3_452.jpg,3
3_453.jpg,3
3_454.jpg,3
3_455.jpg,3
3_456.jpg,3
3_457.jpg,3
3_458.jpg,3
3_459.jpg,3
3_46.jpeg,3
3_460.jpg,3
3_461.jpg,3
3_462.jpg,3
3_463.jpg,3
3_464.jpg,3
3_465.jpg,3
3_466.jpg,3
3_467.jpg,3
3_468.jpg,3
3_469.jpg,3
3_47.jpeg,3
3_470.jpg,3
3_471.jpg,3
3_472.jpg,3
3_473.jpg,3
3_474.jpg,3
3_475.jpg,3
3_476.jpg,3
3_477.jpg,3
3_478.jpg,3
3_479.jpg,3
3_48.jpeg,3
3_480.jpg,3
3_481.jpg,3
3_482.jpeg,3
3_483.jpeg,3
3_484.jpeg,3
3_485.jpeg,3
3_486.jpg,3
3_487.jpg,3
3_488.jpg,3
3_489.jpg,3
3_49.jpeg,3
3_490.jpeg,3
3_491.jpg,3
3_492.jpeg,3
3_493.jpeg,3
3_494.jpg,3
3_495.jpeg,3
3_496.jpeg,3
3_497.jpg,3
3_498.jpeg,3
3_499.jpeg,3
3_5.jpeg,3
3_50.jpeg,3
3_500.jpeg,3
3_501.jpg,3
3_502.jpg,3
3_503.jpg,3
3_504.jpeg,3
3_505.jpeg,3
3_506.jpg,3
3_507.jpg,3
3_508.jpg,3
3_509.jpg,3
3_51.jpeg,3
3_510.jpg,3
3_511.jpg,3
3_512.jpg,3
3_513.jpg,3
3_514.jpg,3
3_515.jpg,3
3_516.jpg,3
3_517.jpg,3
3_518.jpg,3
3_519.jpg,3
3_52.jpeg,3
3_520.jpg,3
3_521.jpg,3
3_522.jpg,3
3_523.jpg,3
3_524.jpg,3
3_525.jpg,3
3_526.jpg,3
3_527.jpeg,3
3_528.jpg,3
3_529.jpg,3
3_53.jpeg,3
3_530.jpg,3
3_531.jpg,3
3_532.jpg,3
3_533.jpg,3
3_534.jpg,3
3_535.jpg,3
3_536.jpg,3
3_537.jpg,3
3_538.jpg,3
3_539.jpeg,3
3_54.jpeg,3
3_540.jpg,3
3_541.jpg,3
3_542.jpg,3
3_543.jpg,3
3_544.jpg,3
3_545.jpg,3
3_546.jpg,3
3_547.jpg,3
3_548.jpeg,3
3_549.jpeg,3
3_55.jpeg,3
3_550.jpg,3
3_551.jpg,3
3_552.jpg,3
3_553.jpg,3
3_554.jpg,3
3_555.jpg,3
3_556.jpg,3
3_557.jpg,3
3_558.jpg,3
3_559.jpg,3
3_56.jpeg,3
3_560.jpg,3
3_561.jpg,3
3_562.jpg,3
3_563.jpg,3
3_564.jpg,3
3_565.jpg,3
3_566.jpg,3
3_567.jpg,3
3_568.jpg,3
3_569.jpg,3
3_57.jpeg,3
3_570.jpg,3
3_571.jpg,3
3_572.jpg,3
3_573.jpg,3
3_574.jpg,3
3_575.jpg,3
3_576.jpg,3
3_577.jpg,3
3_578.jpg,3
3_579.jpg,3
3_58.jpeg,3
3_580.jpg,3
3_581.jpg,3
3_582.jpg,3
3_583.jpg,3
3_584.jpg,3
3_585.jpg,3
3_586.jpg,3
3_587.jpg,3
3_588.jpg,3
3_589.jpg,3
3_59.jpeg,3
3_590.jpg,3
3_591.jpg,3
3_592.jpg,3
3_593.jpg,3
3_594.jpg,3
3_595.jpg,3
3_596.jpg,3
3_597.jpg,3
3_598.jpg,3
3_599.jpg,3
3_6.jpeg,3
3_60.jpeg,3
3_600.jpg,3
3_601.jpg,3
3_602.jpg,3
3_603.jpg,3
3_604.jpg,3
3_61.jpeg,3
3_62.jpeg,3
3_63.jpeg,3
3_64.jpeg,3
3_65.jpeg,3
3_66.jpeg,3
3_67.jpeg,3
3_68.jpeg,3
3_69.jpeg,3
3_7.jpeg,3
3_70.jpeg,3
3_71.jpeg,3
3_72.jpeg,3
3_73.jpeg,3
3_74.jpeg,3
3_75.jpeg,3
3_76.jpeg,3
3_77.jpeg,3
3_78.jpeg,3
3_79.jpeg,3
3_8.jpeg,3
3_80.jpeg,3
3_81.jpeg,3
3_82.jpeg,3
3_83.jpeg,3
3_84.jpeg,3
3_85.jpeg,3
3_86.jpeg,3
3_87.jpeg,3
3_88.jpeg,3
3_89.jpeg,3
3_9.jpeg,3
3_90.jpeg,3
3_91.jpeg,3
3_92.jpeg,3
3_93.jpeg,3
3_94.jpeg,3
3_95.jpeg,3
3_96.jpeg,3
3_97.jpeg,3
3_98.jpeg,3
3_99.jpeg,3
4_0.jpeg,4
4_1.jpeg,4
4_10.jpeg,4
4_100.jpeg,4
4_101.jpeg,4
4_102.jpeg,4
4_103.jpeg,4
4_104.jpeg,4
4_105.jpeg,4
4_106.jpeg,4
4_107.jpeg,4
4_108.jpeg,4
4_109.jpeg,4
4_11.jpeg,4
4_110.jpeg,4
4_111.jpeg,4
4_112.jpeg,4
4_113.jpeg,4
4_114.jpeg,4
4_115.jpeg,4
4_116.jpeg,4
4_117.jpeg,4
4_118.jpeg,4
4_119.jpeg,4
4_12.jpeg,4
4_120.jpeg,4
4_121.jpeg,4
4_122.jpeg,4
4_123.jpeg,4
4_124.jpeg,4
4_125.jpeg,4
4_126.jpeg,4
4_127.jpeg,4
4_128.jpeg,4
4_129.jpeg,4
4_13.jpeg,4
4_130.jpeg,4
4_131.jpeg,4
4_132.jpeg,4
4_133.jpeg,4
4_134.jpeg,4
4_135.jpeg,4
4_136.jpeg,4
4_137.jpeg,4
4_138.jpeg,4
4_139.jpeg,4
4_14.jpeg,4
4_140.jpeg,4
4_141.jpeg,4
4_142.jpeg,4
4_143.jpeg,4
4_144.jpeg,4
4_145.jpeg,4
4_146.jpeg,4
4_147.jpeg,4
4_148.jpeg,4
4_149.jpeg,4
4_15.jpeg,4
4_150.jpeg,4
4_151.jpeg,4
4_152.jpeg,4
4_153.jpeg,4
4_154.jpeg,4
4_155.jpeg,4
4_156.jpeg,4
4_157.jpeg,4
4_158.jpeg,4
4_159.jpeg,4
4_16.jpeg,4
4_160.jpeg,4
4_161.jpeg,4
4_162.jpeg,4
4_163.jpeg,4
4_164.jpeg,4
4_165.jpeg,4
4_166.jpeg,4
4_167.jpeg,4
4_168.jpeg,4
4_169.jpeg,4
4_17.jpeg,4
4_170.jpeg,4
4_171.jpeg,4
4_172.jpeg,4
4_173.jpeg,4
4_174.jpeg,4
4_175.jpeg,4
4_176.jpeg,4
4_177.jpeg,4
4_178.jpeg,4
4_179.jpeg,4
4_18.jpeg,4
4_180.jpeg,4
4_181.jpeg,4
4_182.jpeg,4
4_183.jpeg,4
4_184.jpeg,4
4_185.jpeg,4
4_186.jpeg,4
4_187.jpeg,4
4_188.jpeg,4
4_189.jpeg,4
4_19.jpeg,4
4_190.jpeg,4
4_191.jpeg,4
4_192.jpeg,4
4_193.jpeg,4
4_194.jpeg,4
4_195.jpeg,4
4_196.jpeg,4
4_197.jpeg,4
4_198.jpeg,4
4_199.jpeg,4
4_2.jpeg,4
4_20.jpeg,4
4_200.jpeg,4
4_201.jpeg,4
4_202.jpeg,4
4_203.jpeg,4
4_204.jpeg,4
4_205.jpeg,4
4_206.jpeg,4
4_207.jpeg,4
4_208.jpeg,4
4_209.jpeg,4
4_21.jpeg,4
4_210.jpeg,4
4_211.jpeg,4
4_212.jpeg,4
4_213.jpeg,4
4_214.jpeg,4
4_215.jpeg,4
4_216.jpeg,4
4_217.jpeg,4
4_218.jpeg,4
4_219.jpeg,4
4_22.jpeg,4
4_220.jpeg,4
4_221.jpeg,4
4_222.jpeg,4
4_223.jpeg,4
4_224.jpeg,4
4_225.jpeg,4
4_226.jpeg,4
4_227.jpeg,4
4_228.jpeg,4
4_229.jpeg,4
4_23.jpeg,4
4_230.jpeg,4
4_231.jpeg,4
4_232.jpeg,4
4_233.jpeg,4
4_234.jpeg,4
4_235.jpeg,4
4_236.jpeg,4
4_237.jpeg,4
4_238.jpeg,4
4_239.jpeg,4
4_24.jpeg,4
4_240.jpeg,4
4_241.jpeg,4
4_242.jpeg,4
4_243.jpeg,4
4_244.jpeg,4
4_245.jpeg,4
4_246.jpeg,4
4_247.jpeg,4
4_248.jpeg,4
4_249.jpeg,4
4_25.jpeg,4
4_250.jpeg,4
4_251.jpeg,4
4_252.jpeg,4
4_253.jpeg,4
4_254.jpeg,4
4_255.jpeg,4
4_256.jpeg,4
4_257.jpeg,4
4_258.jpeg,4
4_259.jpeg,4
4_26.jpeg,4
4_260.jpeg,4
4_261.jpeg,4
4_262.jpeg,4
4_263.jpeg,4
4_264.jpeg,4
4_265.jpeg,4
4_266.jpeg,4
4_267.jpeg,4
4_268.jpeg,4
4_269.jpeg,4
4_27.jpeg,4
4_270.jpeg,4
4_271.jpeg,4
4_272.jpeg,4
4_273.jpeg,4
4_274.jpeg,4
4_275.jpeg,4
4_276.jpeg,4
4_277.jpeg,4
4_278.jpeg,4
4_279.jpeg,4
4_28.jpeg,4
4_280.jpeg,4
4_281.jpeg,4
4_282.jpeg,4
4_283.jpeg,4
4_284.jpeg,4
4_285.jpeg,4
4_286.jpeg,4
4_287.jpeg,4
4_288.jpeg,4
4_289.jpeg,4
4_29.jpeg,4
4_290.jpeg,4
4_291.jpeg,4
4_292.jpeg,4
4_293.jpeg,4
4_294.jpeg,4
4_295.jpeg,4
4_296.jpeg,4
4_297.jpeg,4
4_298.jpeg,4
4_299.jpeg,4
4_3.jpeg,4
4_30.jpeg,4
4_300.jpeg,4
4_301.jpeg,4
4_302.jpeg,4
4_303.jpeg,4
4_304.jpeg,4
4_305.jpeg,4
4_306.jpeg,4
4_307.jpeg,4
4_308.jpeg,4
4_309.jpeg,4
4_31.jpeg,4
4_310.jpeg,4
4_311.jpeg,4
4_312.jpeg,4
4_313.jpeg,4
4_314.jpeg,4
4_315.jpeg,4
4_316.jpeg,4
4_317.jpeg,4
4_318.jpeg,4
4_319.jpeg,4
4_32.jpeg,4
4_320.jpeg,4
4_321.jpeg,4
4_322.jpeg,4
4_323.jpeg,4
4_324.jpeg,4
4_325.jpeg,4
4_326.jpeg,4
4_327.jpeg,4
4_328.jpeg,4
4_329.jpeg,4
4_33.jpeg,4
4_330.jpeg,4
4_331.jpeg,4
4_332.jpeg,4
4_333.jpeg,4
4_334.jpeg,4
4_335.jpeg,4
4_336.jpeg,4
4_337.jpeg,4
4_338.jpeg,4
4_339.jpeg,4
4_34.jpeg,4
4_340.jpeg,4
4_341.jpeg,4
4_342.jpeg,4
4_343.jpeg,4
4_344.jpg,4
4_345.jpg,4
4_346.jpg,4
4_347.jpg,4
4_348.jpg,4
4_349.jpg,4
4_35.jpeg,4
4_350.jpg,4
4_351.jpg,4
4_352.jpg,4
4_353.jpg,4
4_354.jpg,4
4_355.jpg,4
4_356.jpg,4
4_357.jpg,4
4_358.jpg,4
4_359.jpg,4
4_36.jpeg,4
4_360.jpg,4
4_361.jpg,4
4_362.jpg,4
4_363.jpg,4
4_364.jpg,4
4_365.jpg,4
4_366.jpg,4
4_367.jpg,4
4_368.jpg,4
4_369.jpg,4
4_37.jpeg,4
4_370.jpg,4
4_371.jpg,4
4_372.jpg,4
4_373.jpg,4
4_374.jpg,4
4_375.jpg,4
4_376.jpg,4
4_377.jpg,4
4_378.jpg,4
4_379.jpg,4
4_38.jpeg,4
4_380.jpg,4
4_381.jpg,4
4_382.jpg,4
4_383.jpg,4
4_384.jpg,4
4_385.jpg,4
4_386.jpg,4
4_387.jpg,4
4_388.jpg,4
4_389.jpg,4
4_39.jpeg,4
4_390.jpg,4
4_391.jpg,4
4_392.jpg,4
4_393.jpg,4
4_394.jpg,4
4_395.jpg,4
4_396.jpg,4
4_397.jpg,4
4_398.jpg,4
4_399.jpg,4
4_4.jpeg,4
4_40.jpeg,4
4_400.jpg,4
4_401.jpg,4
4_402.jpg,4
4_403.jpg,4
4_404.jpg,4
4_405.jpg,4
4_406.jpg,4
4_407.jpg,4
4_408.jpg,4
4_409.jpg,4
4_41.jpeg,4
4_410.jpg,4
4_411.jpg,4
4_412.jpg,4
4_413.jpg,4
4_414.jpg,4
4_415.jpg,4
4_416.jpg,4
4_417.jpg,4
4_418.jpg,4
4_419.jpg,4
4_42.jpeg,4
4_420.jpg,4
4_421.jpg,4
4_422.jpg,4
4_423.jpg,4
4_424.jpg,4
4_425.jpg,4
4_426.jpg,4
4_427.jpg,4
4_428.jpg,4
4_429.jpg,4
4_43.jpeg,4
4_430.jpg,4
4_431.jpg,4
4_432.jpg,4
4_433.jpg,4
4_434.jpg,4
4_435.jpg,4
4_436.jpg,4
4_437.jpg,4
4_438.jpg,4
4_439.jpg,4
4_44.jpeg,4
4_440.jpg,4
4_441.jpg,4
4_442.jpg,4
4_443.jpg,4
4_444.jpg,4
4_445.jpg,4
4_446.jpg,4
4_447.jpg,4
4_448.jpg,4
4_449.jpg,4
4_45.jpeg,4
4_450.jpg,4
4_451.jpg,4
4_452.jpg,4
4_453.jpg,4
4_454.jpg,4
4_455.jpg,4
4_456.jpg,4
4_457.jpg,4
4_458.jpg,4
4_459.jpg,4
4_46.jpeg,4
4_460.jpg,4
4_461.jpg,4
4_462.jpg,4
4_463.jpg,4
4_464.jpg,4
4_465.jpg,4
4_466.jpg,4
4_467.jpg,4
4_468.jpg,4
4_469.jpg,4
4_47.jpeg,4
4_470.jpg,4
4_471.jpg,4
4_472.jpg,4
4_473.jpg,4
4_474.jpg,4
4_475.jpg,4
4_476.jpg,4
4_477.jpg,4
4_478.jpg,4
4_479.jpg,4
4_48.jpeg,4
4_480.jpg,4
4_481.jpg,4
4_482.jpg,4
4_483.jpg,4
4_484.jpg,4
4_485.jpg,4
4_486.jpg,4
4_487.jpg,4
4_488.jpg,4
4_489.jpg,4
4_49.jpeg,4
4_490.jpg,4
4_491.jpg,4
4_492.jpg,4
4_493.jpg,4
4_494.jpg,4
4_495.jpg,4
4_496.jpg,4
4_497.jpg,4
4_498.jpg,4
4_499.jpg,4
4_5.jpeg,4
4_50.jpeg,4
4_500.jpg,4
4_501.jpg,4
4_502.jpg,4
4_503.jpg,4
4_504.jpg,4
4_505.jpg,4
4_506.jpg,4
4_507.jpg,4
4_508.jpg,4
4_509.jpg,4
4_51.jpeg,4
4_510.jpg,4
4_511.jpg,4
4_512.jpg,4
4_513.jpg,4
4_514.jpg,4
4_515.jpg,4
4_516.jpg,4
4_517.jpg,4
4_518.jpg,4
4_519.jpg,4
4_52.jpeg,4
4_520.jpg,4
4_521.jpg,4
4_522.jpg,4
4_523.jpg,4
4_524.jpg,4
4_525.jpg,4
4_526.jpg,4
4_527.jpg,4
4_528.jpg,4
4_529.jpg,4
4_53.jpeg,4
4_530.jpg,4
4_531.jpg,4
4_532.jpg,4
4_533.jpg,4
4_534.jpg,4
4_535.jpg,4
4_536.jpg,4
4_537.jpg,4
4_538.jpg,4
4_539.jpg,4
4_54.jpeg,4
4_540.jpg,4
4_541.jpg,4
4_542.jpg,4
4_543.jpg,4
4_544.jpg,4
4_545.jpg,4
4_546.jpg,4
4_547.jpg,4
4_548.jpg,4
4_549.jpg,4
4_55.jpeg,4
4_550.jpg,4
4_551.jpg,4
4_552.jpg,4
4_553.jpg,4
4_554.jpg,4
4_555.jpg,4
4_556.jpg,4
4_557.jpg,4
4_558.jpg,4
4_559.jpg,4
4_56.jpeg,4
4_560.jpg,4
4_561.jpg,4
4_562.jpg,4
4_563.jpg,4
4_564.jpg,4
4_565.jpg,4
4_566.jpg,4
4_567.jpeg,4
4_568.jpg,4
4_569.jpg,4
4_57.jpeg,4
4_570.jpg,4
4_571.jpeg,4
4_572.jpeg,4
4_573.jpeg,4
4_574.jpeg,4
4_575.jpeg,4
4_576.jpeg,4
4_577.jpeg,4
4_578.jpeg,4
4_579.jpeg,4
4_58.jpeg,4
4_580.jpeg,4
4_581.jpeg,4
4_582.jpeg,4
4_583.jpeg,4
4_584.jpeg,4
4_585.jpeg,4
4_586.jpeg,4
4_587.jpg,4
4_588.jpg,4
4_589.jpg,4
4_59.jpeg,4
4_590.jpg,4
4_591.jpg,4
4_592.jpg,4
4_593.jpg,4
4_594.jpg,4
4_595.jpg,4
4_596.jpg,4
4_597.jpg,4
4_598.jpg,4
4_599.jpg,4
4_6.jpeg,4
4_60.jpeg,4
4_600.jpg,4
4_601.jpg,4
4_602.jpg,4
4_603.jpg,4
4_604.jpg,4
4_605.jpg,4
4_606.jpg,4
4_607.jpg,4
4_608.jpg,4
4_609.jpg,4
4_61.jpeg,4
4_610.jpg,4
4_611.jpg,4
4_612.jpg,4
4_613.jpg,4
4_614.jpg,4
4_615.jpg,4
4_616.jpg,4
4_617.jpg,4
4_618.jpg,4
4_619.jpg,4
4_62.jpeg,4
4_620.jpg,4
4_621.jpg,4
4_622.jpg,4
4_623.jpg,4
4_624.jpg,4
4_625.jpg,4
4_626.jpg,4
4_627.jpg,4
4_628.jpg,4
4_629.jpg,4
4_63.jpeg,4
4_64.jpeg,4
4_65.jpeg,4
4_66.jpeg,4
4_67.jpeg,4
4_68.jpeg,4
4_69.jpeg,4
4_7.jpeg,4
4_70.jpeg,4
4_71.jpeg,4
4_72.jpeg,4
4_73.jpeg,4
4_74.jpeg,4
4_75.jpeg,4
4_76.jpeg,4
4_77.jpeg,4
4_78.jpeg,4
4_79.jpeg,4
4_8.jpeg,4
4_80.jpeg,4
4_81.jpeg,4
4_82.jpeg,4
4_83.jpeg,4
4_84.jpeg,4
4_85.jpeg,4
4_86.jpeg,4
4_87.jpeg,4
4_88.jpeg,4
4_89.jpeg,4
4_9.jpeg,4
4_90.jpeg,4
4_91.jpeg,4
4_92.jpeg,4
4_93.jpeg,4
4_94.jpeg,4
4_95.jpeg,4
4_96.jpeg,4
4_97.jpeg,4
4_98.jpeg,4
4_99.jpeg,4
5_0.jpeg,5
5_1.jpeg,5
5_10.jpeg,5
5_100.jpeg,5
5_101.jpeg,5
5_102.jpeg,5
5_103.jpeg,5
5_104.jpeg,5
5_105.jpeg,5
5_106.jpeg,5
5_107.jpeg,5
5_108.jpeg,5
5_109.jpeg,5
5_11.jpeg,5
5_110.jpeg,5
5_111.jpeg,5
5_112.jpeg,5
5_113.jpeg,5
5_114.jpeg,5
5_115.jpeg,5
5_116.jpeg,5
5_117.jpeg,5
5_118.jpeg,5
5_119.jpeg,5
5_12.jpeg,5
5_120.jpeg,5
5_121.jpeg,5
5_122.jpeg,5
5_123.jpeg,5
5_124.jpeg,5
5_125.jpeg,5
5_126.jpeg,5
5_127.jpeg,5
5_128.jpeg,5
5_129.jpeg,5
5_13.jpeg,5
5_130.jpeg,5
5_131.jpeg,5
5_132.jpeg,5
5_133.jpeg,5
5_134.jpeg,5
5_135.jpeg,5
5_136.jpeg,5
5_137.jpeg,5
5_138.jpeg,5
5_139.jpeg,5
5_14.jpeg,5
5_140.jpeg,5
5_141.jpeg,5
5_142.jpeg,5
5_143.jpeg,5
5_144.jpeg,5
5_145.jpeg,5
5_146.jpeg,5
5_147.jpeg,5
5_148.jpeg,5
5_149.jpeg,5
5_15.jpeg,5
5_150.jpeg,5
5_151.jpeg,5
5_152.jpeg,5
5_153.jpeg,5
5_154.jpeg,5
5_155.jpeg,5
5_156.jpeg,5
5_157.jpeg,5
5_158.jpeg,5
5_159.jpeg,5
5_16.jpeg,5
5_160.jpeg,5
5_161.jpeg,5
5_162.jpeg,5
5_163.jpeg,5
5_164.jpeg,5
5_165.jpeg,5
5_166.jpeg,5
5_167.jpeg,5
5_168.jpeg,5
5_169.jpeg,5
5_17.jpeg,5
5_170.jpeg,5
5_171.jpeg,5
5_172.jpeg,5
5_173.jpeg,5
5_174.jpeg,5
5_175.jpeg,5
5_176.jpeg,5
5_177.jpeg,5
5_178.jpeg,5
5_179.jpeg,5
5_18.jpeg,5
5_180.jpeg,5
5_181.jpeg,5
5_182.jpeg,5
5_183.jpeg,5
5_184.jpeg,5
5_185.jpeg,5
5_186.jpeg,5
5_187.jpeg,5
5_188.jpeg,5
5_189.jpeg,5
5_19.jpeg,5
5_190.jpeg,5
5_191.jpeg,5
5_192.jpeg,5
5_193.jpeg,5
5_194.jpeg,5
5_195.jpeg,5
5_196.jpeg,5
5_197.jpeg,5
5_198.jpeg,5
5_199.jpeg,5
5_2.jpeg,5
5_20.jpeg,5
5_200.jpeg,5
5_201.jpeg,5
5_202.jpeg,5
5_203.jpeg,5
5_204.jpeg,5
5_205.jpeg,5
5_206.jpeg,5
5_207.jpeg,5
5_208.jpeg,5
5_209.jpeg,5
5_21.jpeg,5
5_210.jpeg,5
5_211.jpeg,5
5_212.jpeg,5
5_213.jpeg,5
5_214.jpeg,5
5_215.jpeg,5
5_216.jpeg,5
5_217.jpeg,5
5_218.jpeg,5
5_219.jpeg,5
5_22.jpeg,5
5_220.jpeg,5
5_221.jpeg,5
5_222.jpeg,5
5_223.jpeg,5
5_224.jpeg,5
5_225.jpeg,5
5_226.jpeg,5
5_227.jpeg,5
5_228.jpeg,5
5_229.jpeg,5
5_23.jpeg,5
5_230.jpeg,5
5_231.jpeg,5
5_232.jpeg,5
5_233.jpeg,5
5_234.jpeg,5
5_235.jpeg,5
5_236.jpeg,5
5_237.jpeg,5
5_238.jpeg,5
5_239.jpeg,5
5_24.jpeg,5
5_240.jpeg,5
5_241.jpeg,5
5_242.jpeg,5
5_243.jpeg,5
5_244.jpeg,5
5_245.jpeg,5
5_246.jpeg,5
5_247.jpeg,5
5_248.jpeg,5
5_249.jpeg,5
5_25.jpeg,5
5_250.jpeg,5
5_251.jpeg,5
5_252.jpeg,5
5_253.jpeg,5
5_254.jpeg,5
5_255.jpeg,5
5_256.jpeg,5
5_257.jpeg,5
5_258.jpeg,5
5_259.jpeg,5
5_26.jpeg,5
5_260.jpeg,5
5_261.jpeg,5
5_262.jpeg,5
5_263.jpeg,5
5_264.jpeg,5
5_265.jpeg,5
5_266.jpeg,5
5_267.jpeg,5
5_268.jpeg,5
5_269.jpeg,5
5_27.jpeg,5
5_270.jpeg,5
5_271.jpeg,5
5_272.jpeg,5
5_273.jpeg,5
5_274.jpeg,5
5_275.jpeg,5
5_276.jpeg,5
5_277.jpeg,5
5_278.jpeg,5
5_279.jpeg,5
5_28.jpeg,5
5_280.jpeg,5
5_281.jpeg,5
5_282.jpeg,5
5_283.jpeg,5
5_284.jpeg,5
5_285.jpeg,5
5_286.jpeg,5
5_287.jpeg,5
5_288.jpeg,5
5_289.jpeg,5
5_29.jpeg,5
5_290.jpeg,5
5_291.jpeg,5
5_292.jpeg,5
5_293.jpeg,5
5_294.jpeg,5
5_295.jpeg,5
5_296.jpeg,5
5_297.jpeg,5
5_298.jpeg,5
5_299.jpeg,5
5_3.jpeg,5
5_30.jpeg,5
5_300.jpeg,5
5_301.jpeg,5
5_302.jpeg,5
5_303.jpeg,5
5_304.jpeg,5
5_305.jpeg,5
5_306.jpeg,5
5_307.jpeg,5
5_308.jpeg,5
5_309.jpeg,5
5_31.jpeg,5
5_310.jpeg,5
5_311.jpeg,5
5_312.jpeg,5
5_313.jpeg,5
5_314.jpeg,5
5_315.jpeg,5
5_316.jpeg,5
5_317.jpeg,5
5_318.jpeg,5
5_319.jpeg,5
5_32.jpeg,5
5_320.jpeg,5
5_321.jpeg,5
5_322.jpeg,5
5_323.jpeg,5
5_324.jpeg,5
5_325.jpeg,5
5_326.jpeg,5
5_327.jpeg,5
5_328.jpeg,5
5_329.jpeg,5
5_33.jpeg,5
5_330.jpeg,5
5_331.jpeg,5
5_332.jpeg,5
5_333.jpeg,5
5_334.jpeg,5
5_335.jpeg,5
5_336.jpeg,5
5_337.jpeg,5
5_338.jpeg,5
5_339.jpeg,5
5_34.jpeg,5
5_340.jpeg,5
5_341.jpeg,5
5_342.jpeg,5
5_343.jpeg,5
5_344.jpeg,5
5_345.jpeg,5
5_346.jpeg,5
5_347.jpeg,5
5_348.jpeg,5
5_349.jpeg,5
5_35.jpeg,5
5_350.jpeg,5
5_351.jpeg,5
5_352.jpeg,5
5_353.jpeg,5
5_354.jpeg,5
5_355.jpeg,5
5_356.jpeg,5
5_357.jpeg,5
5_358.jpeg,5
5_359.jpeg,5
5_36.jpeg,5
5_360.jpeg,5
5_361.jpeg,5
5_362.jpeg,5
5_363.jpeg,5
5_364.jpeg,5
5_365.jpeg,5
5_366.jpeg,5
5_367.jpeg,5
5_368.jpeg,5
5_369.jpeg,5
5_37.jpeg,5
5_370.jpeg,5
5_371.jpg,5
5_372.jpg,5
5_373.jpg,5
5_374.jpg,5
5_375.jpg,5
5_376.jpg,5
5_377.jpg,5
5_378.jpg,5
5_379.jpg,5
5_38.jpeg,5
5_380.jpg,5
5_381.jpg,5
5_382.jpg,5
5_383.jpg,5
5_384.jpg,5
5_385.jpg,5
5_386.jpg,5
5_387.jpg,5
5_388.jpg,5
5_389.jpg,5
5_39.jpeg,5
5_390.jpg,5
5_391.jpg,5
5_392.jpg,5
5_393.jpg,5
5_394.jpg,5
5_395.jpg,5
5_396.jpg,5
5_397.jpg,5
5_398.jpg,5
5_399.jpg,5
5_4.jpeg,5
5_40.jpeg,5
5_400.jpg,5
5_401.jpg,5
5_402.jpg,5
5_403.jpg,5
5_404.jpg,5
5_405.jpg,5
5_406.jpg,5
5_407.jpg,5
5_408.jpg,5
5_409.jpg,5
5_41.jpeg,5
5_410.jpg,5
5_411.jpg,5
5_412.jpg,5
5_413.jpg,5
5_414.jpg,5
5_415.jpg,5
5_416.jpg,5
5_417.jpg,5
5_418.jpg,5
5_419.jpg,5
5_42.jpeg,5
5_420.jpg,5
5_421.jpg,5
5_422.jpg,5
5_423.jpg,5
5_424.jpg,5
5_425.jpg,5
5_426.jpg,5
5_427.jpg,5
5_428.jpg,5
5_429.jpg,5
5_43.jpeg,5
5_430.jpg,5
5_431.jpg,5
5_432.jpg,5
5_433.jpg,5
5_434.jpg,5
5_435.jpg,5
5_436.jpg,5
5_437.jpg,5
5_438.jpg,5
5_439.jpg,5
5_44.jpeg,5
5_440.jpg,5
5_441.jpg,5
5_442.jpg,5
5_443.jpg,5
5_444.jpg,5
5_445.jpg,5
5_446.jpg,5
5_447.jpg,5
5_448.jpg,5
5_449.jpg,5
5_45.jpeg,5
5_450.jpg,5
5_451.jpg,5
5_452.jpg,5
5_453.jpg,5
5_454.jpg,5
5_455.jpg,5
5_456.jpg,5
5_457.jpg,5
5_458.jpg,5
5_459.jpg,5
5_46.jpeg,5
5_460.jpg,5
5_461.jpg,5
5_462.jpg,5
5_463.jpg,5
5_464.jpg,5
5_465.jpg,5
5_466.jpg,5
5_467.jpg,5
5_468.jpg,5
5_469.jpg,5
5_47.jpeg,5
5_470.jpg,5
5_471.jpg,5
5_472.jpg,5
5_473.jpg,5
5_474.jpg,5
5_475.jpg,5
5_476.jpg,5
5_477.jpg,5
5_478.jpg,5
5_479.jpg,5
5_48.jpeg,5
5_480.jpg,5
5_481.jpg,5
5_482.jpg,5
5_483.jpg,5
5_484.jpg,5
5_485.jpg,5
5_486.jpg,5
5_487.jpg,5
5_488.jpg,5
5_489.jpg,5
5_49.jpeg,5
5_490.jpg,5
5_491.jpg,5
5_492.jpg,5
5_493.jpg,5
5_494.jpg,5
5_495.jpg,5
5_496.jpg,5
5_497.jpg,5
5_498.jpg,5
5_499.jpg,5
5_5.jpeg,5
5_50.jpeg,5
5_500.jpg,5
5_501.jpg,5
5_502.jpg,5
5_503.jpg,5
5_504.jpg,5
5_505.jpg,5
5_506.jpg,5
5_507.jpg,5
5_508.jpg,5
5_509.jpg,5
5_51.jpeg,5
5_510.jpg,5
5_511.jpg,5
5_512.jpg,5
5_513.jpg,5
5_514.jpg,5
5_515.jpg,5
5_516.jpg,5
5_517.jpg,5
5_518.jpg,5
5_519.jpg,5
5_52.jpeg,5
5_520.jpg,5
5_521.jpg,5
5_522.jpg,5
5_523.jpg,5
5_524.jpg,5
5_525.jpg,5
5_526.jpg,5
5_527.jpg,5
5_528.jpg,5
5_529.jpg,5
5_53.jpeg,5
5_530.jpg,5
5_531.jpg,5
5_532.jpg,5
5_533.jpg,5
5_534.jpg,5
5_535.jpeg,5
5_536.jpeg,5
5_537.jpeg,5
5_538.jpeg,5
5_539.jpeg,5
5_54.jpeg,5
5_540.jpeg,5
5_541.jpeg,5
5_542.jpeg,5
5_543.jpeg,5
5_544.jpeg,5
5_545.jpeg,5
5_546.jpeg,5
5_547.jpeg,5
5_548.jpeg,5
5_549.jpg,5
5_55.jpeg,5
5_550.jpg,5
5_551.jpg,5
5_552.jpg,5
5_553.jpeg,5
5_554.jpeg,5
5_555.jpg,5
5_556.jpg,5
5_557.jpg,5
5_558.jpg,5
5_559.jpg,5
5_56.jpeg,5
5_560.jpeg,5
5_561.jpeg,5
5_562.jpg,5
5_563.jpg,5
5_564.jpg,5
5_565.jpg,5
5_566.jpg,5
5_567.jpg,5
5_568.jpg,5
5_569.jpg,5
5_57.jpeg,5
5_570.jpg,5
5_571.jpg,5
5_572.jpg,5
5_573.jpg,5
5_574.jpg,5
5_575.jpg,5
5_576.jpg,5
5_577.jpg,5
5_578.jpg,5
5_579.jpg,5
5_58.jpeg,5
5_580.jpg,5
5_581.jpg,5
5_582.jpg,5
5_583.jpg,5
5_584.jpg,5
5_585.jpg,5
5_586.jpg,5
5_587.jpg,5
5_588.jpg,5
5_589.jpg,5
5_59.jpeg,5
5_590.jpg,5
5_591.jpg,5
5_6.jpeg,5
5_60.jpeg,5
5_61.jpeg,5
5_62.jpeg,5
5_63.jpeg,5
5_64.jpeg,5
5_65.jpeg,5
5_66.jpeg,5
5_67.jpeg,5
5_68.jpeg,5
5_69.jpeg,5
5_7.jpeg,5
5_70.jpeg,5
5_71.jpeg,5
5_72.jpeg,5
5_73.jpeg,5
5_74.jpeg,5
5_75.jpeg,5
5_76.jpeg,5
5_77.jpeg,5
5_78.jpeg,5
5_79.jpeg,5
5_8.jpeg,5
5_80.jpeg,5
5_81.jpeg,5
5_82.jpeg,5
5_83.jpeg,5
5_84.jpeg,5
5_85.jpeg,5
5_86.jpeg,5
5_87.jpeg,5
5_88.jpeg,5
5_89.jpeg,5
5_9.jpeg,5
5_90.jpeg,5
5_91.jpeg,5
5_92.jpeg,5
5_93.jpeg,5
5_94.jpeg,5
5_95.jpeg,5
5_96.jpeg,5
5_97.jpeg,5
5_98.jpeg,5
5_99.jpeg,5
6_0.jpeg,6
6_1.jpeg,6
6_10.jpeg,6
6_100.jpeg,6
6_101.jpeg,6
6_102.jpeg,6
6_103.jpeg,6
6_104.jpeg,6
6_105.jpeg,6
6_106.jpeg,6
6_107.jpeg,6
6_108.jpeg,6
6_109.jpeg,6
6_11.jpeg,6
6_110.jpeg,6
6_111.jpeg,6
6_112.jpeg,6
6_113.jpeg,6
6_114.jpeg,6
6_115.jpeg,6
6_116.jpeg,6
6_117.jpeg,6
6_118.jpeg,6
6_119.jpeg,6
6_12.jpeg,6
6_120.jpeg,6
6_121.jpeg,6
6_122.jpeg,6
6_123.jpeg,6
6_124.jpeg,6
6_125.jpeg,6
6_126.jpeg,6
6_127.jpeg,6
6_128.jpeg,6
6_129.jpeg,6
6_13.jpeg,6
6_130.jpeg,6
6_131.jpeg,6
6_132.jpeg,6
6_133.jpeg,6
6_134.jpeg,6
6_135.jpeg,6
6_136.jpeg,6
6_137.jpeg,6
6_138.jpeg,6
6_139.jpeg,6
6_14.jpeg,6
6_140.jpeg,6
6_141.jpeg,6
6_142.jpeg,6
6_143.jpeg,6
6_144.jpeg,6
6_145.jpeg,6
6_146.jpeg,6
6_147.jpeg,6
6_148.jpeg,6
6_149.jpeg,6
6_15.jpeg,6
6_150.jpeg,6
6_151.jpeg,6
6_152.jpeg,6
6_153.jpeg,6
6_154.jpeg,6
6_155.jpeg,6
6_156.jpeg,6
6_157.jpeg,6
6_158.jpeg,6
6_159.jpeg,6
6_16.jpeg,6
6_160.jpeg,6
6_161.jpeg,6
6_162.jpeg,6
6_163.jpeg,6
6_164.jpeg,6
6_165.jpeg,6
6_166.jpeg,6
6_167.jpeg,6
6_168.jpeg,6
6_169.jpeg,6
6_17.jpeg,6
6_170.jpeg,6
6_171.jpeg,6
6_172.jpeg,6
6_173.jpeg,6
6_174.jpeg,6
6_175.jpeg,6
6_176.jpeg,6
6_177.jpeg,6
6_178.jpeg,6
6_179.jpeg,6
6_18.jpeg,6
6_180.jpeg,6
6_181.jpeg,6
6_182.jpeg,6
6_183.jpeg,6
6_184.jpeg,6
6_185.jpeg,6
6_186.jpeg,6
6_187.jpeg,6
6_188.jpeg,6
6_189.jpeg,6
6_19.jpeg,6
6_190.jpeg,6
6_191.jpeg,6
6_192.jpeg,6
6_193.jpeg,6
6_194.jpeg,6
6_195.jpeg,6
6_196.jpeg,6
6_197.jpeg,6
6_198.jpeg,6
6_199.jpeg,6
6_2.jpeg,6
6_20.jpeg,6
6_200.jpeg,6
6_201.jpeg,6
6_202.jpeg,6
6_203.jpeg,6
6_204.jpeg,6
6_205.jpeg,6
6_206.jpeg,6
6_207.jpeg,6
6_208.jpeg,6
6_209.jpeg,6
6_21.jpeg,6
6_210.jpeg,6
6_211.jpeg,6
6_212.jpeg,6
6_213.jpeg,6
6_214.jpeg,6
6_215.jpeg,6
6_216.jpeg,6
6_217.jpeg,6
6_218.jpeg,6
6_219.jpeg,6
6_22.jpeg,6
6_220.jpeg,6
6_221.jpeg,6
6_222.jpeg,6
6_223.jpeg,6
6_224.jpeg,6
6_225.jpeg,6
6_226.jpeg,6
6_227.jpeg,6
6_228.jpeg,6
6_229.jpeg,6
6_23.jpeg,6
6_230.jpeg,6
6_231.jpeg,6
6_232.jpeg,6
6_233.jpeg,6
6_234.jpeg,6
6_235.jpeg,6
6_236.jpeg,6
6_237.jpeg,6
6_238.jpeg,6
6_239.jpeg,6
6_24.jpeg,6
6_240.jpeg,6
6_241.jpeg,6
6_242.jpeg,6
6_243.jpeg,6
6_244.jpeg,6
6_245.jpeg,6
6_246.jpeg,6
6_247.jpeg,6
6_248.jpeg,6
6_249.jpeg,6
6_25.jpeg,6
6_250.jpeg,6
6_251.jpeg,6
6_252.jpeg,6
6_253.jpeg,6
6_254.jpeg,6
6_255.jpeg,6
6_256.jpeg,6
6_257.jpeg,6
6_258.jpeg,6
6_259.jpeg,6
6_26.jpeg,6
6_260.jpeg,6
6_261.jpeg,6
6_262.jpeg,6
6_263.jpeg,6
6_264.jpeg,6
6_265.jpeg,6
6_266.jpeg,6
6_267.jpeg,6
6_268.jpeg,6
6_269.jpeg,6
6_27.jpeg,6
6_270.jpeg,6
6_271.jpeg,6
6_272.jpeg,6
6_273.jpeg,6
6_274.jpeg,6
6_275.jpeg,6
6_276.jpeg,6
6_277.jpeg,6
6_278.jpeg,6
6_279.jpeg,6
6_28.jpeg,6
6_280.jpeg,6
6_281.jpeg,6
6_282.jpeg,6
6_283.jpeg,6
6_284.jpeg,6
6_285.jpeg,6
6_286.jpeg,6
6_287.jpeg,6
6_288.jpeg,6
6_289.jpeg,6
6_29.jpeg,6
6_290.jpeg,6
6_291.jpeg,6
6_292.jpeg,6
6_293.jpeg,6
6_294.jpeg,6
6_295.jpeg,6
6_296.jpeg,6
6_297.jpeg,6
6_298.jpeg,6
6_299.jpeg,6
6_3.jpeg,6
6_30.jpeg,6
6_300.jpeg,6
6_301.jpeg,6
6_302.jpeg,6
6_303.jpeg,6
6_304.jpeg,6
6_305.jpeg,6
6_306.jpeg,6
6_307.jpeg,6
6_308.jpeg,6
6_309.jpeg,6
6_31.jpeg,6
6_310.jpeg,6
6_311.jpeg,6
6_312.jpeg,6
6_313.jpeg,6
6_314.jpeg,6
6_315.jpeg,6
6_316.jpeg,6
6_317.jpeg,6
6_318.jpeg,6
6_319.jpeg,6
6_32.jpeg,6
6_320.jpeg,6
6_321.jpeg,6
6_322.jpeg,6
6_323.jpeg,6
6_324.jpeg,6
6_325.jpeg,6
6_326.jpeg,6
6_327.jpeg,6
6_328.jpeg,6
6_329.jpeg,6
6_33.jpeg,6
6_330.jpeg,6
6_331.jpeg,6
6_332.jpg,6
6_333.jpg,6
6_334.jpg,6
6_335.jpg,6
6_336.jpg,6
6_337.jpg,6
6_338.jpg,6
6_339.jpg,6
6_34.jpeg,6
6_340.jpg,6
6_341.jpg,6
6_342.jpg,6
6_343.jpg,6
6_344.jpg,6
6_345.jpg,6
6_346.jpg,6
6_347.jpg,6
6_348.jpg,6
6_349.jpg,6
6_35.jpeg,6
6_350.jpg,6
6_351.jpg,6
6_352.jpg,6
6_353.jpg,6
6_354.jpg,6
6_355.jpg,6
6_356.jpg,6
6_357.jpg,6
6_358.jpg,6
6_359.jpg,6
6_36.jpeg,6
6_360.jpg,6
6_361.jpg,6
6_362.jpg,6
6_363.jpg,6
6_364.jpg,6
6_365.jpg,6
6_366.jpg,6
6_367.jpg,6
6_368.jpg,6
6_369.jpg,6
6_37.jpeg,6
6_370.jpg,6
6_371.jpg,6
6_372.jpg,6
6_373.jpg,6
6_374.jpg,6
6_375.jpg,6
6_376.jpg,6
6_377.jpg,6
6_378.jpg,6
6_379.jpg,6
6_38.jpeg,6
6_380.jpg,6
6_381.jpg,6
6_382.jpg,6
6_383.jpg,6
6_384.jpg,6
6_385.jpg,6
6_386.jpg,6
6_387.jpg,6
6_388.jpg,6
6_389.jpg,6
6_39.jpeg,6
6_390.jpg,6
6_391.jpg,6
6_392.jpg,6
6_393.jpg,6
6_394.jpg,6
6_395.jpg,6
6_396.jpg,6
6_397.jpg,6
6_398.jpg,6
6_399.jpg,6
6_4.jpeg,6
6_40.jpeg,6
6_400.jpg,6
6_401.jpg,6
6_402.jpg,6
6_403.jpg,6
6_404.jpg,6
6_405.jpg,6
6_406.jpg,6
6_407.jpg,6
6_408.jpg,6
6_409.jpg,6
6_41.jpeg,6
6_410.jpg,6
6_411.jpg,6
6_412.jpg,6
6_413.jpg,6
6_414.jpg,6
6_415.jpg,6
6_416.jpg,6
6_417.jpg,6
6_418.jpg,6
6_419.jpg,6
6_42.jpeg,6
6_420.jpg,6
6_421.jpg,6
6_422.jpg,6
6_423.jpg,6
6_424.jpg,6
6_425.jpg,6
6_426.jpg,6
6_427.jpg,6
6_428.jpg,6
6_429.jpg,6
6_43.jpeg,6
6_430.jpg,6
6_431.jpg,6
6_432.jpg,6
6_433.jpg,6
6_434.jpg,6
6_435.jpg,6
6_436.jpg,6
6_437.jpg,6
6_438.jpg,6
6_439.jpg,6
6_44.jpeg,6
6_440.jpg,6
6_441.jpg,6
6_442.jpg,6
6_443.jpg,6
6_444.jpg,6
6_445.jpg,6
6_446.jpg,6
6_447.jpg,6
6_448.jpg,6
6_449.jpg,6
6_45.jpeg,6
6_450.jpg,6
6_451.jpg,6
6_452.jpg,6
6_453.jpg,6
6_454.jpg,6
6_455.jpg,6
6_456.jpg,6
6_457.jpg,6
6_458.jpg,6
6_459.jpg,6
6_46.jpeg,6
6_460.jpg,6
6_461.jpg,6
6_462.jpg,6
6_463.jpg,6
6_464.jpg,6
6_465.jpg,6
6_466.jpg,6
6_467.jpg,6
6_468.jpg,6
6_469.jpg,6
6_47.jpeg,6
6_470.jpg,6
6_471.jpg,6
6_472.jpg,6
6_473.jpg,6
6_474.jpg,6
6_475.jpg,6
6_476.jpg,6
6_477.jpeg,6
6_478.jpg,6
6_479.jpg,6
6_48.jpeg,6
6_480.jpg,6
6_481.jpg,6
6_482.jpg,6
6_483.jpeg,6
6_484.jpeg,6
6_485.jpeg,6
6_486.jpeg,6
6_487.jpeg,6
6_488.jpeg,6
6_489.jpeg,6
6_49.jpeg,6
6_490.jpeg,6
6_491.jpeg,6
6_492.jpeg,6
6_493.jpeg,6
6_494.jpg,6
6_495.jpg,6
6_496.jpg,6
6_497.jpg,6
6_498.jpeg,6
6_499.jpeg,6
6_5.jpeg,6
6_50.jpeg,6
6_500.jpg,6
6_501.jpg,6
6_502.jpg,6
6_503.jpg,6
6_504.jpg,6
6_505.jpg,6
6_506.jpg,6
6_507.jpg,6
6_508.jpg,6
6_509.jpeg,6
6_51.jpeg,6
6_510.jpeg,6
6_511.jpg,6
6_512.jpg,6
6_513.jpg,6
6_514.jpg,6
6_515.jpg,6
6_516.jpg,6
6_517.jpg,6
6_518.jpg,6
6_519.jpg,6
6_52.jpeg,6
6_520.jpg,6
6_521.jpg,6
6_522.jpg,6
6_523.jpg,6
6_524.jpg,6
6_525.jpg,6
6_53.jpeg,6
6_54.jpeg,6
6_55.jpeg,6
6_56.jpeg,6
6_57.jpeg,6
6_58.jpeg,6
6_59.jpeg,6
6_6.jpeg,6
6_60.jpeg,6
6_61.jpeg,6
6_62.jpeg,6
6_63.jpeg,6
6_64.jpeg,6
6_65.jpeg,6
6_66.jpeg,6
6_67.jpeg,6
6_68.jpeg,6
6_69.jpeg,6
6_7.jpeg,6
6_70.jpeg,6
6_71.jpeg,6
6_72.jpeg,6
6_73.jpeg,6
6_74.jpeg,6
6_75.jpeg,6
6_76.jpeg,6
6_77.jpeg,6
6_78.jpeg,6
6_79.jpeg,6
6_8.jpeg,6
6_80.jpeg,6
6_81.jpeg,6
6_82.jpeg,6
6_83.jpeg,6
6_84.jpeg,6
6_85.jpeg,6
6_86.jpeg,6
6_87.jpeg,6
6_88.jpeg,6
6_89.jpeg,6
6_9.jpeg,6
6_90.jpeg,6
6_91.jpeg,6
6_92.jpeg,6
6_93.jpeg,6
6_94.jpeg,6
6_95.jpeg,6
6_96.jpeg,6
6_97.jpeg,6
6_98.jpeg,6
6_99.jpeg,6
7_0.jpeg,7
7_1.jpeg,7
7_10.jpeg,7
7_100.jpeg,7
7_101.jpeg,7
7_102.jpeg,7
7_103.jpeg,7
7_104.jpeg,7
7_105.jpeg,7
7_106.jpeg,7
7_107.jpeg,7
7_108.jpeg,7
7_109.jpeg,7
7_11.jpeg,7
7_110.jpeg,7
7_111.jpeg,7
7_112.jpeg,7
7_113.jpeg,7
7_114.jpeg,7
7_115.jpeg,7
7_116.jpeg,7
7_117.jpeg,7
7_118.jpeg,7
7_119.jpeg,7
7_12.jpeg,7
7_120.jpeg,7
7_121.jpeg,7
7_122.jpeg,7
7_123.jpeg,7
7_124.jpeg,7
7_125.jpeg,7
7_126.jpeg,7
7_127.jpeg,7
7_128.jpeg,7
7_129.jpeg,7
7_13.jpeg,7
7_130.jpeg,7
7_131.jpeg,7
7_132.jpeg,7
7_133.jpeg,7
7_134.jpeg,7
7_135.jpeg,7
7_136.jpeg,7
7_137.jpeg,7
7_138.jpeg,7
7_139.jpeg,7
7_14.jpeg,7
7_140.jpeg,7
7_141.jpeg,7
7_142.jpeg,7
7_143.jpeg,7
7_144.jpeg,7
7_145.jpeg,7
7_146.jpeg,7
7_147.jpeg,7
7_148.jpeg,7
7_149.jpeg,7
7_15.jpeg,7
7_150.jpeg,7
7_151.jpeg,7
7_152.jpeg,7
7_153.jpeg,7
7_154.jpeg,7
7_155.jpeg,7
7_156.jpeg,7
7_157.jpeg,7
7_158.jpeg,7
7_159.jpeg,7
7_16.jpeg,7
7_160.jpeg,7
7_161.jpeg,7
7_162.jpeg,7
7_163.jpeg,7
7_164.jpeg,7
7_165.jpeg,7
7_166.jpeg,7
7_167.jpeg,7
7_168.jpeg,7
7_169.jpeg,7
7_17.jpeg,7
7_170.jpeg,7
7_171.jpeg,7
7_172.jpeg,7
7_173.jpeg,7
7_174.jpeg,7
7_175.jpeg,7
7_176.jpeg,7
7_177.jpeg,7
7_178.jpeg,7
7_179.jpeg,7
7_18.jpeg,7
7_180.jpeg,7
7_181.jpeg,7
7_182.jpeg,7
7_183.jpeg,7
7_184.jpeg,7
7_185.jpeg,7
7_186.jpeg,7
7_187.jpeg,7
7_188.jpeg,7
7_189.jpeg,7
7_19.jpeg,7
7_190.jpeg,7
7_191.jpeg,7
7_192.jpeg,7
7_193.jpeg,7
7_194.jpeg,7
7_195.jpeg,7
7_196.jpeg,7
7_197.jpeg,7
7_198.jpeg,7
7_199.jpeg,7
7_2.jpeg,7
7_20.jpeg,7
7_200.jpeg,7
7_201.jpeg,7
7_202.jpeg,7
7_203.jpeg,7
7_204.jpeg,7
7_205.jpeg,7
7_206.jpeg,7
7_207.jpeg,7
7_208.jpeg,7
7_209.jpeg,7
7_21.jpeg,7
7_210.jpeg,7
7_211.jpeg,7
7_212.jpeg,7
7_213.jpeg,7
7_214.jpeg,7
7_215.jpeg,7
7_216.jpeg,7
7_217.jpeg,7
7_218.jpeg,7
7_219.jpeg,7
7_22.jpeg,7
7_220.jpeg,7
7_221.jpeg,7
7_222.jpeg,7
7_223.jpeg,7
7_224.jpeg,7
7_225.jpeg,7
7_226.jpeg,7
7_227.jpeg,7
7_228.jpeg,7
7_229.jpeg,7
7_23.jpeg,7
7_230.jpeg,7
7_231.jpeg,7
7_232.jpeg,7
7_233.jpeg,7
7_234.jpeg,7
7_235.jpeg,7
7_236.jpeg,7
7_237.jpeg,7
7_238.jpeg,7
7_239.jpeg,7
7_24.jpeg,7
7_240.jpeg,7
7_241.jpeg,7
7_242.jpeg,7
7_243.jpeg,7
7_244.jpeg,7
7_245.jpeg,7
7_246.jpeg,7
7_247.jpeg,7
7_248.jpeg,7
7_249.jpeg,7
7_25.jpeg,7
7_250.jpeg,7
7_251.jpeg,7
7_252.jpeg,7
7_253.jpeg,7
7_254.jpeg,7
7_255.jpeg,7
7_256.jpeg,7
7_257.jpeg,7
7_258.jpeg,7
7_259.jpeg,7
7_26.jpeg,7
7_260.jpeg,7
7_261.jpeg,7
7_262.jpeg,7
7_263.jpeg,7
7_264.jpeg,7
7_265.jpeg,7
7_266.jpeg,7
7_267.jpeg,7
7_268.jpeg,7
7_269.jpeg,7
7_27.jpeg,7
7_270.jpeg,7
7_271.jpeg,7
7_272.jpeg,7
7_273.jpeg,7
7_274.jpeg,7
7_275.jpeg,7
7_276.jpeg,7
7_277.jpeg,7
7_278.jpeg,7
7_279.jpeg,7
7_28.jpeg,7
7_280.jpeg,7
7_281.jpeg,7
7_282.jpeg,7
7_283.jpeg,7
7_284.jpeg,7
7_285.jpeg,7
7_286.jpeg,7
7_287.jpeg,7
7_288.jpeg,7
7_289.jpeg,7
7_29.jpeg,7
7_290.jpeg,7
7_291.jpeg,7
7_292.jpeg,7
7_293.jpeg,7
7_294.jpeg,7
7_295.jpeg,7
7_296.jpeg,7
7_297.jpeg,7
7_298.jpeg,7
7_299.jpeg,7
7_3.jpeg,7
7_30.jpeg,7
7_300.jpeg,7
7_301.jpeg,7
7_302.jpeg,7
7_303.jpeg,7
7_304.jpeg,7
7_305.jpeg,7
7_306.jpeg,7
7_307.jpeg,7
7_308.jpeg,7
7_309.jpeg,7
7_31.jpeg,7
7_310.jpeg,7
7_311.jpeg,7
7_312.jpeg,7
7_313.jpeg,7
7_314.jpeg,7
7_315.jpeg,7
7_316.jpeg,7
7_317.jpeg,7
7_318.jpeg,7
7_319.jpeg,7
7_32.jpeg,7
7_320.jpeg,7
7_321.jpeg,7
7_322.jpeg,7
7_323.jpeg,7
7_324.jpeg,7
7_325.jpeg,7
7_326.jpeg,7
7_327.jpeg,7
7_328.jpeg,7
7_329.jpeg,7
7_33.jpeg,7
7_330.jpeg,7
7_331.jpeg,7
7_332.jpeg,7
7_333.jpeg,7
7_334.jpeg,7
7_335.jpeg,7
7_336.jpeg,7
7_337.jpeg,7
7_338.jpeg,7
7_339.jpeg,7
7_34.jpeg,7
7_340.jpeg,7
7_341.jpeg,7
7_342.jpeg,7
7_343.jpeg,7
7_344.jpeg,7
7_345.jpeg,7
7_346.jpeg,7
7_347.jpeg,7
7_348.jpeg,7
7_349.jpeg,7
7_35.jpeg,7
7_350.jpeg,7
7_351.jpeg,7
7_352.jpeg,7
7_353.jpeg,7
7_354.jpeg,7
7_355.jpeg,7
7_356.jpeg,7
7_357.jpeg,7
7_358.jpeg,7
7_359.jpeg,7
7_36.jpeg,7
7_360.jpeg,7
7_361.jpeg,7
7_362.jpeg,7
7_363.jpeg,7
7_364.jpeg,7
7_365.jpeg,7
7_366.jpeg,7
7_367.jpeg,7
7_368.jpeg,7
7_369.jpeg,7
7_37.jpeg,7
7_370.jpeg,7
7_371.jpeg,7
7_372.jpeg,7
7_373.jpeg,7
7_374.jpeg,7
7_375.jpeg,7
7_376.jpeg,7
7_377.jpeg,7
7_378.jpeg,7
7_379.jpeg,7
7_38.jpeg,7
7_380.jpeg,7
7_381.jpeg,7
7_382.jpeg,7
7_383.jpeg,7
7_384.jpeg,7
7_385.jpeg,7
7_386.jpeg,7
7_387.jpeg,7
7_388.jpeg,7
7_389.jpeg,7
7_39.jpeg,7
7_390.jpg,7
7_391.jpg,7
7_392.jpg,7
7_393.jpg,7
7_394.jpg,7
7_395.jpg,7
7_396.jpg,7
7_397.jpg,7
7_398.jpg,7
7_399.jpg,7
7_4.jpeg,7
7_40.jpeg,7
7_400.jpg,7
7_401.jpg,7
7_402.jpg,7
7_403.jpg,7
7_404.jpg,7
7_405.jpg,7
7_406.jpg,7
7_407.jpg,7
7_408.jpg,7
7_409.jpg,7
7_41.jpeg,7
7_410.jpg,7
7_411.jpg,7
7_412.jpg,7
7_413.jpg,7
7_414.jpg,7
7_415.jpg,7
7_416.jpg,7
7_417.jpg,7
7_418.jpg,7
7_419.jpg,7
7_42.jpeg,7
7_420.jpg,7
7_421.jpg,7
7_422.jpg,7
7_423.jpg,7
7_424.jpg,7
7_425.jpg,7
7_426.jpg,7
7_427.jpg,7
7_428.jpg,7
7_429.jpg,7
7_43.jpeg,7
7_430.jpg,7
7_431.jpg,7
7_432.jpg,7
7_433.jpg,7
7_434.jpg,7
7_435.jpg,7
7_436.jpg,7
7_437.jpg,7
7_438.jpg,7
7_439.jpg,7
7_44.jpeg,7
7_440.jpg,7
7_441.jpg,7
7_442.jpg,7
7_443.jpg,7
7_444.jpg,7
7_445.jpg,7
7_446.jpg,7
7_447.jpg,7
7_448.jpg,7
7_449.jpg,7
7_45.jpeg,7
7_450.jpg,7
7_451.jpg,7
7_452.jpg,7
7_453.jpg,7
7_454.jpg,7
7_455.jpg,7
7_456.jpg,7
7_457.jpg,7
7_458.jpg,7
7_459.jpg,7
7_46.jpeg,7
7_460.jpg,7
7_461.jpg,7
7_462.jpg,7
7_463.jpg,7
7_464.jpg,7
7_465.jpg,7
7_466.jpg,7
7_467.jpg,7
7_468.jpg,7
7_469.jpg,7
7_47.jpeg,7
7_470.jpg,7
7_471.jpg,7
7_472.jpg,7
7_473.jpg,7
7_474.jpg,7
7_475.jpg,7
7_476.jpg,7
7_477.jpg,7
7_478.jpg,7
7_479.jpg,7
7_48.jpeg,7
7_480.jpg,7
7_481.jpg,7
7_482.jpg,7
7_483.jpg,7
7_484.jpg,7
7_485.jpg,7
7_486.jpg,7
7_487.jpg,7
7_488.jpg,7
7_489.jpg,7
7_49.jpeg,7
7_490.jpg,7
7_491.jpg,7
7_492.jpg,7
7_493.jpg,7
7_494.jpg,7
7_495.jpg,7
7_496.jpg,7
7_497.jpg,7
7_498.jpg,7
7_499.jpg,7
7_5.jpeg,7
7_50.jpeg,7
7_500.jpg,7
7_501.jpg,7
7_502.jpg,7
7_503.jpg,7
7_504.jpg,7
7_505.jpg,7
7_506.jpg,7
7_507.jpg,7
7_508.jpg,7
7_509.jpg,7
7_51.jpeg,7
7_510.jpg,7
7_511.jpg,7
7_512.jpg,7
7_513.jpg,7
7_514.jpg,7
7_515.jpg,7
7_516.jpg,7
7_517.jpg,7
7_518.jpg,7
7_519.jpg,7
7_52.jpeg,7
7_520.jpg,7
7_521.jpg,7
7_522.jpg,7
7_523.jpg,7
7_524.jpg,7
7_525.jpg,7
7_526.jpg,7
7_527.jpg,7
7_528.jpg,7
7_529.jpg,7
7_53.jpeg,7
7_530.jpg,7
7_531.jpg,7
7_532.jpg,7
7_533.jpg,7
7_534.jpg,7
7_535.jpg,7
7_536.jpg,7
7_537.jpg,7
7_538.jpg,7
7_539.jpg,7
7_54.jpeg,7
7_540.jpg,7
7_541.jpg,7
7_542.jpg,7
7_543.jpg,7
7_544.jpg,7
7_545.jpg,7
7_546.jpg,7
7_547.jpg,7
7_548.jpg,7
7_549.jpg,7
7_55.jpeg,7
7_550.jpg,7
7_551.jpg,7
7_552.jpg,7
7_553.jpg,7
7_554.jpg,7
7_555.jpg,7
7_556.jpg,7
7_557.jpg,7
7_558.jpg,7
7_559.jpg,7
7_56.jpeg,7
7_560.jpg,7
7_561.jpg,7
7_562.jpg,7
7_563.jpg,7
7_564.jpg,7
7_565.jpg,7
7_566.jpg,7
7_567.jpg,7
7_568.jpg,7
7_569.jpg,7
7_57.jpeg,7
7_570.jpg,7
7_571.jpg,7
7_572.jpg,7
7_573.jpg,7
7_574.jpg,7
7_575.jpg,7
7_576.jpg,7
7_577.jpg,7
7_578.jpg,7
7_579.jpg,7
7_58.jpeg,7
7_580.jpg,7
7_581.jpg,7
7_582.jpg,7
7_583.jpg,7
7_584.jpg,7
7_585.jpg,7
7_586.jpg,7
7_587.jpg,7
7_588.jpg,7
7_589.jpg,7
7_59.jpeg,7
7_590.jpg,7
7_591.jpg,7
7_592.jpg,7
7_593.jpg,7
7_594.jpg,7
7_595.jpg,7
7_596.jpg,7
7_597.jpg,7
7_598.jpg,7
7_599.jpg,7
7_6.jpeg,7
7_60.jpeg,7
7_600.jpg,7
7_601.jpg,7
7_602.jpg,7
7_603.jpg,7
7_604.jpg,7
7_605.jpg,7
7_606.jpg,7
7_607.jpg,7
7_608.jpg,7
7_609.jpg,7
7_61.jpeg,7
7_610.jpg,7
7_611.jpg,7
7_612.jpg,7
7_613.jpg,7
7_614.jpg,7
7_615.jpg,7
7_616.jpg,7
7_617.jpg,7
7_618.jpg,7
7_619.jpg,7
7_62.jpeg,7
7_620.jpg,7
7_621.jpg,7
7_622.jpg,7
7_623.jpg,7
7_624.jpg,7
7_625.jpg,7
7_626.jpg,7
7_627.jpg,7
7_628.jpg,7
7_629.jpg,7
7_63.jpeg,7
7_630.jpg,7
7_631.jpg,7
7_632.jpg,7
7_633.jpg,7
7_634.jpg,7
7_635.jpg,7
7_636.jpg,7
7_637.jpg,7
7_638.jpg,7
7_639.jpg,7
7_64.jpeg,7
7_640.jpg,7
7_641.jpg,7
7_642.jpg,7
7_643.jpg,7
7_644.jpg,7
7_645.jpg,7
7_646.jpg,7
7_647.jpeg,7
7_648.jpeg,7
7_649.jpeg,7
7_65.jpeg,7
7_650.jpeg,7
7_651.jpeg,7
7_652.jpeg,7
7_653.jpeg,7
7_654.jpeg,7
7_655.jpeg,7
7_656.jpeg,7
7_657.jpeg,7
7_658.jpeg,7
7_659.jpeg,7
7_66.jpeg,7
7_660.jpeg,7
7_661.jpg,7
7_662.jpg,7
7_663.jpeg,7
7_664.jpg,7
7_665.jpeg,7
7_666.jpeg,7
7_667.jpeg,7
7_668.jpeg,7
7_669.jpg,7
7_67.jpeg,7
7_670.jpg,7
7_671.jpg,7
7_672.jpg,7
7_673.jpg,7
7_674.jpg,7
7_675.jpg,7
7_676.jpg,7
7_677.jpg,7
7_678.jpg,7
7_679.jpg,7
7_68.jpeg,7
7_680.jpg,7
7_681.jpg,7
7_682.jpg,7
7_683.jpg,7
7_684.jpg,7
7_685.jpg,7
7_686.jpg,7
7_687.jpg,7
7_69.jpeg,7
7_7.jpeg,7
7_70.jpeg,7
7_71.jpeg,7
7_72.jpeg,7
7_73.jpeg,7
7_74.jpeg,7
7_75.jpeg,7
7_76.jpeg,7
7_77.jpeg,7
7_78.jpeg,7
7_79.jpeg,7
7_8.jpeg,7
7_80.jpeg,7
7_81.jpeg,7
7_82.jpeg,7
7_83.jpeg,7
7_84.jpeg,7
7_85.jpeg,7
7_86.jpeg,7
7_87.jpeg,7
7_88.jpeg,7
7_89.jpeg,7
7_9.jpeg,7
7_90.jpeg,7
7_91.jpeg,7
7_92.jpeg,7
7_93.jpeg,7
7_94.jpeg,7
7_95.jpeg,7
7_96.jpeg,7
7_97.jpeg,7
7_98.jpeg,7
7_99.jpeg,7
8_0.jpeg,8
8_1.jpeg,8
8_10.jpeg,8
8_100.jpeg,8
8_101.jpeg,8
8_102.jpeg,8
8_103.jpeg,8
8_104.jpeg,8
8_105.jpeg,8
8_106.jpeg,8
8_107.jpeg,8
8_108.jpeg,8
8_109.jpeg,8
8_11.jpeg,8
8_110.jpeg,8
8_111.jpeg,8
8_112.jpeg,8
8_113.jpeg,8
8_114.jpeg,8
8_115.jpeg,8
8_116.jpeg,8
8_117.jpeg,8
8_118.jpeg,8
8_119.jpeg,8
8_12.jpeg,8
8_120.jpeg,8
8_121.jpeg,8
8_122.jpeg,8
8_123.jpeg,8
8_124.jpeg,8
8_125.jpeg,8
8_126.jpeg,8
8_127.jpeg,8
8_128.jpeg,8
8_129.jpeg,8
8_13.jpeg,8
8_130.jpeg,8
8_131.jpeg,8
8_132.jpeg,8
8_133.jpeg,8
8_134.jpeg,8
8_135.jpeg,8
8_136.jpeg,8
8_137.jpeg,8
8_138.jpeg,8
8_139.jpeg,8
8_14.jpeg,8
8_140.jpeg,8
8_141.jpeg,8
8_142.jpeg,8
8_143.jpeg,8
8_144.jpeg,8
8_145.jpeg,8
8_146.jpeg,8
8_147.jpeg,8
8_148.jpeg,8
8_149.jpeg,8
8_15.jpeg,8
8_150.jpeg,8
8_151.jpeg,8
8_152.jpeg,8
8_153.jpeg,8
8_154.jpeg,8
8_155.jpeg,8
8_156.jpeg,8
8_157.jpeg,8
8_158.jpeg,8
8_159.jpeg,8
8_16.jpeg,8
8_160.jpeg,8
8_161.jpeg,8
8_162.jpeg,8
8_163.jpeg,8
8_164.jpeg,8
8_165.jpeg,8
8_166.jpeg,8
8_167.jpeg,8
8_168.jpeg,8
8_169.jpeg,8
8_17.jpeg,8
8_170.jpeg,8
8_171.jpeg,8
8_172.jpeg,8
8_173.jpeg,8
8_174.jpeg,8
8_175.jpeg,8
8_176.jpeg,8
8_177.jpeg,8
8_178.jpeg,8
8_179.jpeg,8
8_18.jpeg,8
8_180.jpeg,8
8_181.jpeg,8
8_182.jpeg,8
8_183.jpeg,8
8_184.jpeg,8
8_185.jpeg,8
8_186.jpeg,8
8_187.jpeg,8
8_188.jpeg,8
8_189.jpeg,8
8_19.jpeg,8
8_190.jpeg,8
8_191.jpeg,8
8_192.jpeg,8
8_193.jpeg,8
8_194.jpeg,8
8_195.jpeg,8
8_196.jpeg,8
8_197.jpeg,8
8_198.jpeg,8
8_199.jpeg,8
8_2.jpeg,8
8_20.jpeg,8
8_200.jpeg,8
8_201.jpeg,8
8_202.jpeg,8
8_203.jpeg,8
8_204.jpeg,8
8_205.jpeg,8
8_206.jpeg,8
8_207.jpeg,8
8_208.jpeg,8
8_209.jpeg,8
8_21.jpeg,8
8_210.jpeg,8
8_211.jpeg,8
8_212.jpeg,8
8_213.jpeg,8
8_214.jpeg,8
8_215.jpeg,8
8_216.jpeg,8
8_217.jpeg,8
8_218.jpeg,8
8_219.jpeg,8
8_22.jpeg,8
8_220.jpeg,8
8_221.jpeg,8
8_222.jpeg,8
8_223.jpeg,8
8_224.jpeg,8
8_225.jpeg,8
8_226.jpeg,8
8_227.jpeg,8
8_228.jpeg,8
8_229.jpeg,8
8_23.jpeg,8
8_230.jpeg,8
8_231.jpeg,8
8_232.jpeg,8
8_233.jpeg,8
8_234.jpeg,8
8_235.jpeg,8
8_236.jpeg,8
8_237.jpeg,8
8_238.jpeg,8
8_239.jpeg,8
8_24.jpeg,8
8_240.jpeg,8
8_241.jpeg,8
8_242.jpeg,8
8_243.jpeg,8
8_244.jpeg,8
8_245.jpeg,8
8_246.jpeg,8
8_247.jpeg,8
8_248.jpeg,8
8_249.jpeg,8
8_25.jpeg,8
8_250.jpeg,8
8_251.jpeg,8
8_252.jpeg,8
8_253.jpeg,8
8_254.jpeg,8
8_255.jpeg,8
8_256.jpeg,8
8_257.jpeg,8
8_258.jpeg,8
8_259.jpeg,8
8_26.jpeg,8
8_260.jpeg,8
8_261.jpeg,8
8_262.jpeg,8
8_263.jpeg,8
8_264.jpeg,8
8_265.jpeg,8
8_266.jpeg,8
8_267.jpeg,8
8_268.jpeg,8
8_269.jpeg,8
8_27.jpeg,8
8_270.jpeg,8
8_271.jpeg,8
8_272.jpeg,8
8_273.jpeg,8
8_274.jpeg,8
8_275.jpeg,8
8_276.jpeg,8
8_277.jpeg,8
8_278.jpeg,8
8_279.jpeg,8
8_28.jpeg,8
8_280.jpeg,8
8_281.jpeg,8
8_282.jpeg,8
8_283.jpeg,8
8_284.jpeg,8
8_285.jpeg,8
8_286.jpeg,8
8_287.jpeg,8
8_288.jpeg,8
8_289.jpeg,8
8_29.jpeg,8
8_290.jpeg,8
8_291.jpeg,8
8_292.jpeg,8
8_293.jpeg,8
8_294.jpeg,8
8_295.jpeg,8
8_296.jpeg,8
8_297.jpeg,8
8_298.jpeg,8
8_299.jpeg,8
8_3.jpeg,8
8_30.jpeg,8
8_300.jpeg,8
8_301.jpeg,8
8_302.jpeg,8
8_303.jpeg,8
8_304.jpeg,8
8_305.jpeg,8
8_306.jpeg,8
8_307.jpeg,8
8_308.jpeg,8
8_309.jpeg,8
8_31.jpeg,8
8_310.jpeg,8
8_311.jpeg,8
8_312.jpeg,8
8_313.jpeg,8
8_314.jpeg,8
8_315.jpeg,8
8_316.jpeg,8
8_317.jpeg,8
8_318.jpeg,8
8_319.jpeg,8
8_32.jpeg,8
8_320.jpeg,8
8_321.jpeg,8
8_322.jpeg,8
8_323.jpeg,8
8_324.jpeg,8
8_325.jpeg,8
8_326.jpeg,8
8_327.jpeg,8
8_328.jpeg,8
8_329.jpeg,8
8_33.jpeg,8
8_330.jpeg,8
8_331.jpeg,8
8_332.jpeg,8
8_333.jpeg,8
8_334.jpeg,8
8_335.jpeg,8
8_336.jpeg,8
8_337.jpeg,8
8_338.jpeg,8
8_339.jpeg,8
8_34.jpeg,8
8_340.jpeg,8
8_341.jpeg,8
8_342.jpeg,8
8_343.jpeg,8
8_344.jpeg,8
8_345.jpeg,8
8_346.jpeg,8
8_347.jpeg,8
8_348.jpeg,8
8_349.jpeg,8
8_35.jpeg,8
8_350.jpg,8
8_351.jpg,8
8_352.jpg,8
8_353.jpg,8
8_354.jpg,8
8_355.jpg,8
8_356.jpg,8
8_357.jpg,8
8_358.jpg,8
8_359.jpg,8
8_36.jpeg,8
8_360.jpg,8
8_361.jpg,8
8_362.jpg,8
8_363.jpg,8
8_364.jpg,8
8_365.jpg,8
8_366.jpg,8
8_367.jpg,8
8_368.jpg,8
8_369.jpg,8
8_37.jpeg,8
8_370.jpg,8
8_371.jpg,8
8_372.jpg,8
8_373.jpg,8
8_374.jpg,8
8_375.jpg,8
8_376.jpg,8
8_377.jpg,8
8_378.jpg,8
8_379.jpg,8
8_38.jpeg,8
8_380.jpg,8
8_381.jpg,8
8_382.jpg,8
8_383.jpg,8
8_384.jpg,8
8_385.jpg,8
8_386.jpg,8
8_387.jpg,8
8_388.jpg,8
8_389.jpg,8
8_39.jpeg,8
8_390.jpg,8
8_391.jpg,8
8_392.jpg,8
8_393.jpg,8
8_394.jpg,8
8_395.jpg,8
8_396.jpg,8
8_397.jpg,8
8_398.jpg,8
8_399.jpg,8
8_4.jpeg,8
8_40.jpeg,8
8_400.jpg,8
8_401.jpg,8
8_402.jpg,8
8_403.jpg,8
8_404.jpg,8
8_405.jpg,8
8_406.jpg,8
8_407.jpg,8
8_408.jpg,8
8_409.jpg,8
8_41.jpeg,8
8_410.jpg,8
8_411.jpg,8
8_412.jpg,8
8_413.jpg,8
8_414.jpg,8
8_415.jpg,8
8_416.jpg,8
8_417.jpg,8
8_418.jpg,8
8_419.jpg,8
8_42.jpeg,8
8_420.jpg,8
8_421.jpg,8
8_422.jpg,8
8_423.jpg,8
8_424.jpg,8
8_425.jpg,8
8_426.jpg,8
8_427.jpg,8
8_428.jpg,8
8_429.jpg,8
8_43.jpeg,8
8_430.jpg,8
8_431.jpg,8
8_432.jpg,8
8_433.jpg,8
8_434.jpg,8
8_435.jpg,8
8_436.jpg,8
8_437.jpg,8
8_438.jpg,8
8_439.jpg,8
8_44.jpeg,8
8_440.jpg,8
8_441.jpg,8
8_442.jpg,8
8_443.jpg,8
8_444.jpg,8
8_445.jpg,8
8_446.jpg,8
8_447.jpg,8
8_448.jpg,8
8_449.jpg,8
8_45.jpeg,8
8_450.jpg,8
8_451.jpg,8
8_452.jpg,8
8_453.jpg,8
8_454.jpg,8
8_455.jpg,8
8_456.jpg,8
8_457.jpg,8
8_458.jpg,8
8_459.jpg,8
8_46.jpeg,8
8_460.jpg,8
8_461.jpg,8
8_462.jpg,8
8_463.jpg,8
8_464.jpg,8
8_465.jpg,8
8_466.jpg,8
8_467.jpg,8
8_468.jpg,8
8_469.jpg,8
8_47.jpeg,8
8_470.jpg,8
8_471.jpg,8
8_472.jpg,8
8_473.jpg,8
8_474.jpg,8
8_475.jpg,8
8_476.jpg,8
8_477.jpg,8
8_478.jpg,8
8_479.jpg,8
8_48.jpeg,8
8_480.jpg,8
8_481.jpg,8
8_482.jpg,8
8_483.jpg,8
8_484.jpg,8
8_485.jpg,8
8_486.jpg,8
8_487.jpg,8
8_488.jpg,8
8_489.jpg,8
8_49.jpeg,8
8_490.jpg,8
8_491.jpg,8
8_492.jpg,8
8_493.jpg,8
8_494.jpg,8
8_495.jpg,8
8_496.jpg,8
8_497.jpg,8
8_498.jpg,8
8_499.jpg,8
8_5.jpeg,8
8_50.jpeg,8
8_500.jpg,8
8_501.jpg,8
8_502.jpg,8
8_503.jpg,8
8_504.jpg,8
8_505.jpg,8
8_506.jpg,8
8_507.jpg,8
8_508.jpg,8
8_509.jpg,8
8_51.jpeg,8
8_510.jpg,8
8_511.jpg,8
8_512.jpg,8
8_513.jpg,8
8_514.jpg,8
8_515.jpg,8
8_516.jpg,8
8_517.jpg,8
8_518.jpg,8
8_519.jpg,8
8_52.jpeg,8
8_520.jpg,8
8_521.jpg,8
8_522.jpg,8
8_523.jpg,8
8_524.jpg,8
8_525.jpg,8
8_526.jpg,8
8_527.jpg,8
8_528.jpeg,8
8_529.jpeg,8
8_53.jpeg,8
8_530.jpeg,8
8_531.jpeg,8
8_532.jpeg,8
8_533.jpeg,8
8_534.jpeg,8
8_535.jpeg,8
8_536.jpeg,8
8_537.jpeg,8
8_538.jpeg,8
8_539.jpeg,8
8_54.jpeg,8
8_540.jpg,8
8_541.jpg,8
8_542.jpg,8
8_543.jpg,8
8_544.jpeg,8
8_545.jpeg,8
8_546.jpeg,8
8_547.jpeg,8
8_548.jpg,8
8_549.jpg,8
8_55.jpeg,8
8_550.jpg,8
8_551.jpg,8
8_552.jpeg,8
8_553.jpg,8
8_554.jpg,8
8_555.jpg,8
8_556.jpg,8
8_557.jpg,8
8_558.jpg,8
8_559.jpg,8
8_56.jpeg,8
8_57.jpeg,8
8_58.jpeg,8
8_59.jpeg,8
8_6.jpeg,8
8_60.jpeg,8
8_61.jpeg,8
8_62.jpeg,8
8_63.jpeg,8
8_64.jpeg,8
8_65.jpeg,8
8_66.jpeg,8
8_67.jpeg,8
8_68.jpeg,8
8_69.jpeg,8
8_7.jpeg,8
8_70.jpeg,8
8_71.jpeg,8
8_72.jpeg,8
8_73.jpeg,8
8_74.jpeg,8
8_75.jpeg,8
8_76.jpeg,8
8_77.jpeg,8
8_78.jpeg,8
8_79.jpeg,8
8_8.jpeg,8
8_80.jpeg,8
8_81.jpeg,8
8_82.jpeg,8
8_83.jpeg,8
8_84.jpeg,8
8_85.jpeg,8
8_86.jpeg,8
8_87.jpeg,8
8_88.jpeg,8
8_89.jpeg,8
8_9.jpeg,8
8_90.jpeg,8
8_91.jpeg,8
8_92.jpeg,8
8_93.jpeg,8
8_94.jpeg,8
8_95.jpeg,8
8_96.jpeg,8
8_97.jpeg,8
8_98.jpeg,8
8_99.jpeg,8
9_0.jpeg,9
9_1.jpeg,9
9_10.jpeg,9
9_100.jpeg,9
9_101.jpeg,9
9_102.jpeg,9
9_103.jpeg,9
9_104.jpeg,9
9_105.jpeg,9
9_106.jpeg,9
9_107.jpeg,9
9_108.jpeg,9
9_109.jpeg,9
9_11.jpeg,9
9_110.jpeg,9
9_111.jpeg,9
9_112.jpeg,9
9_113.jpeg,9
9_114.jpeg,9
9_115.jpeg,9
9_116.jpeg,9
9_117.jpeg,9
9_118.jpeg,9
9_119.jpeg,9
9_12.jpeg,9
9_120.jpeg,9
9_121.jpeg,9
9_122.jpeg,9
9_123.jpeg,9
9_124.jpeg,9
9_125.jpeg,9
9_126.jpeg,9
9_127.jpeg,9
9_128.jpeg,9
9_129.jpeg,9
9_13.jpeg,9
9_130.jpeg,9
9_131.jpeg,9
9_132.jpeg,9
9_133.jpeg,9
9_134.jpeg,9
9_135.jpeg,9
9_136.jpeg,9
9_137.jpeg,9
9_138.jpeg,9
9_139.jpeg,9
9_14.jpeg,9
9_140.jpeg,9
9_141.jpeg,9
9_142.jpeg,9
9_143.jpeg,9
9_144.jpeg,9
9_145.jpeg,9
9_146.jpeg,9
9_147.jpeg,9
9_148.jpeg,9
9_149.jpeg,9
9_15.jpeg,9
9_150.jpeg,9
9_151.jpeg,9
9_152.jpeg,9
9_153.jpeg,9
9_154.jpeg,9
9_155.jpeg,9
9_156.jpeg,9
9_157.jpeg,9
9_158.jpeg,9
9_159.jpeg,9
9_16.jpeg,9
9_160.jpeg,9
9_161.jpeg,9
9_162.jpeg,9
9_163.jpeg,9
9_164.jpeg,9
9_165.jpeg,9
9_166.jpeg,9
9_167.jpeg,9
9_168.jpeg,9
9_169.jpeg,9
9_17.jpeg,9
9_170.jpeg,9
9_171.jpeg,9
9_172.jpeg,9
9_173.jpeg,9
9_174.jpeg,9
9_175.jpeg,9
9_176.jpeg,9
9_177.jpeg,9
9_178.jpeg,9
9_179.jpeg,9
9_18.jpeg,9
9_180.jpeg,9
9_181.jpeg,9
9_182.jpeg,9
9_183.jpeg,9
9_184.jpeg,9
9_185.jpeg,9
9_186.jpeg,9
9_187.jpeg,9
9_188.jpeg,9
9_189.jpeg,9
9_19.jpeg,9
9_190.jpeg,9
9_191.jpeg,9
9_192.jpeg,9
9_193.jpeg,9
9_194.jpeg,9
9_195.jpeg,9
9_196.jpeg,9
9_197.jpeg,9
9_198.jpeg,9
9_199.jpeg,9
9_2.jpeg,9
9_20.jpeg,9
9_200.jpeg,9
9_201.jpeg,9
9_202.jpeg,9
9_203.jpeg,9
9_204.jpeg,9
9_205.jpeg,9
9_206.jpeg,9
9_207.jpeg,9
9_208.jpeg,9
9_209.jpeg,9
9_21.jpeg,9
9_210.jpeg,9
9_211.jpeg,9
9_212.jpeg,9
9_213.jpeg,9
9_214.jpeg,9
9_215.jpeg,9
9_216.jpeg,9
9_217.jpeg,9
9_218.jpeg,9
9_219.jpeg,9
9_22.jpeg,9
9_220.jpeg,9
9_221.jpeg,9
9_222.jpeg,9
9_223.jpeg,9
9_224.jpeg,9
9_225.jpeg,9
9_226.jpeg,9
9_227.jpeg,9
9_228.jpeg,9
9_229.jpeg,9
9_23.jpeg,9
9_230.jpeg,9
9_231.jpeg,9
9_232.jpeg,9
9_233.jpeg,9
9_234.jpeg,9
9_235.jpeg,9
9_236.jpeg,9
9_237.jpeg,9
9_238.jpeg,9
9_239.jpeg,9
9_24.jpeg,9
9_240.jpeg,9
9_241.jpeg,9
9_242.jpeg,9
9_243.jpeg,9
9_244.jpeg,9
9_245.jpeg,9
9_246.jpeg,9
9_247.jpeg,9
9_248.jpeg,9
9_249.jpeg,9
9_25.jpeg,9
9_250.jpeg,9
9_251.jpeg,9
9_252.jpeg,9
9_253.jpeg,9
9_254.jpeg,9
9_255.jpeg,9
9_256.jpeg,9
9_257.jpeg,9
9_258.jpeg,9
9_259.jpeg,9
9_26.jpeg,9
9_260.jpeg,9
9_261.jpeg,9
9_262.jpeg,9
9_263.jpeg,9
9_264.jpeg,9
9_265.jpeg,9
9_266.jpeg,9
9_267.jpeg,9
9_268.jpeg,9
9_269.jpeg,9
9_27.jpeg,9
9_270.jpeg,9
9_271.jpeg,9
9_272.jpeg,9
9_273.jpeg,9
9_274.jpeg,9
9_275.jpeg,9
9_276.jpeg,9
9_277.jpeg,9
9_278.jpeg,9
9_279.jpeg,9
9_28.jpeg,9
9_280.jpeg,9
9_281.jpeg,9
9_282.jpeg,9
9_283.jpeg,9
9_284.jpeg,9
9_285.jpeg,9
9_286.jpeg,9
9_287.jpeg,9
9_288.jpeg,9
9_289.jpeg,9
9_29.jpeg,9
9_290.jpeg,9
9_291.jpeg,9
9_292.jpeg,9
9_293.jpeg,9
9_294.jpeg,9
9_295.jpeg,9
9_296.jpeg,9
9_297.jpeg,9
9_298.jpeg,9
9_299.jpeg,9
9_3.jpeg,9
9_30.jpeg,9
9_300.jpeg,9
9_301.jpeg,9
9_302.jpeg,9
9_303.jpeg,9
9_304.jpeg,9
9_305.jpeg,9
9_306.jpeg,9
9_307.jpeg,9
9_308.jpeg,9
9_309.jpeg,9
9_31.jpeg,9
9_310.jpeg,9
9_311.jpeg,9
9_312.jpeg,9
9_313.jpeg,9
9_314.jpeg,9
9_315.jpeg,9
9_316.jpeg,9
9_317.jpeg,9
9_318.jpeg,9
9_319.jpeg,9
9_32.jpeg,9
9_320.jpeg,9
9_321.jpeg,9
9_322.jpeg,9
9_323.jpeg,9
9_324.jpeg,9
9_325.jpeg,9
9_326.jpeg,9
9_327.jpeg,9
9_328.jpeg,9
9_329.jpeg,9
9_33.jpeg,9
9_330.jpeg,9
9_331.jpeg,9
9_332.jpeg,9
9_333.jpeg,9
9_334.jpeg,9
9_335.jpeg,9
9_336.jpeg,9
9_337.jpeg,9
9_338.jpeg,9
9_339.jpeg,9
9_34.jpeg,9
9_340.jpeg,9
9_341.jpeg,9
9_342.jpeg,9
9_343.jpeg,9
9_344.jpeg,9
9_345.jpeg,9
9_346.jpeg,9
9_347.jpeg,9
9_348.jpeg,9
9_349.jpeg,9
9_35.jpeg,9
9_350.jpeg,9
9_351.jpeg,9
9_352.jpeg,9
9_353.jpeg,9
9_354.jpeg,9
9_355.jpeg,9
9_356.jpeg,9
9_357.jpeg,9
9_358.jpeg,9
9_359.jpeg,9
9_36.jpeg,9
9_360.jpeg,9
9_361.jpeg,9
9_362.jpeg,9
9_363.jpeg,9
9_364.jpeg,9
9_365.jpeg,9
9_366.jpeg,9
9_367.jpeg,9
9_368.jpeg,9
9_369.jpeg,9
9_37.jpeg,9
9_370.jpeg,9
9_371.jpeg,9
9_372.jpeg,9
9_373.jpeg,9
9_374.jpeg,9
9_375.jpg,9
9_376.jpg,9
9_377.jpg,9
9_378.jpg,9
9_379.jpg,9
9_38.jpeg,9
9_380.jpg,9
9_381.jpg,9
9_382.jpg,9
9_383.jpg,9
9_384.jpg,9
9_385.jpg,9
9_386.jpg,9
9_387.jpg,9
9_388.jpg,9
9_389.jpg,9
9_39.jpeg,9
9_390.jpg,9
9_391.jpg,9
9_392.jpg,9
9_393.jpg,9
9_394.jpg,9
9_395.jpg,9
9_396.jpg,9
9_397.jpg,9
9_398.jpg,9
9_399.jpg,9
9_4.jpeg,9
9_40.jpeg,9
9_400.jpg,9
9_401.jpg,9
9_402.jpg,9
9_403.jpg,9
9_404.jpg,9
9_405.jpg,9
9_406.jpg,9
9_407.jpg,9
9_408.jpg,9
9_409.jpg,9
9_41.jpeg,9
9_410.jpg,9
9_411.jpg,9
9_412.jpg,9
9_413.jpg,9
9_414.jpg,9
9_415.jpg,9
9_416.jpg,9
9_417.jpg,9
9_418.jpg,9
9_419.jpg,9
9_42.jpeg,9
9_420.jpg,9
9_421.jpg,9
9_422.jpg,9
9_423.jpg,9
9_424.jpg,9
9_425.jpg,9
9_426.jpg,9
9_427.jpg,9
9_428.jpg,9
9_429.jpg,9
9_43.jpeg,9
9_430.jpg,9
9_431.jpg,9
9_432.jpg,9
9_433.jpg,9
9_434.jpg,9
9_435.jpg,9
9_436.jpg,9
9_437.jpg,9
9_438.jpg,9
9_439.jpg,9
9_44.jpeg,9
9_440.jpg,9
9_441.jpg,9
9_442.jpg,9
9_443.jpg,9
9_444.jpg,9
9_445.jpg,9
9_446.jpg,9
9_447.jpg,9
9_448.jpg,9
9_449.jpg,9
9_45.jpeg,9
9_450.jpg,9
9_451.jpg,9
9_452.jpg,9
9_453.jpg,9
9_454.jpg,9
9_455.jpg,9
9_456.jpg,9
9_457.jpg,9
9_458.jpg,9
9_459.jpg,9
9_46.jpeg,9
9_460.jpg,9
9_461.jpg,9
9_462.jpg,9
9_463.jpg,9
9_464.jpg,9
9_465.jpg,9
9_466.jpg,9
9_467.jpg,9
9_468.jpg,9
9_469.jpg,9
9_47.jpeg,9
9_470.jpg,9
9_471.jpg,9
9_472.jpg,9
9_473.jpg,9
9_474.jpg,9
9_475.jpg,9
9_476.jpg,9
9_477.jpg,9
9_478.jpg,9
9_479.jpg,9
9_48.jpeg,9
9_480.jpg,9
9_481.jpg,9
9_482.jpg,9
9_483.jpg,9
9_484.jpg,9
9_485.jpg,9
9_486.jpg,9
9_487.jpg,9
9_488.jpg,9
9_489.jpg,9
9_49.jpeg,9
9_490.jpg,9
9_491.jpg,9
9_492.jpg,9
9_493.jpg,9
9_494.jpg,9
9_495.jpg,9
9_496.jpg,9
9_497.jpg,9
9_498.jpg,9
9_499.jpg,9
9_5.jpeg,9
9_50.jpeg,9
9_500.jpg,9
9_501.jpg,9
9_502.jpg,9
9_503.jpg,9
9_504.jpg,9
9_505.jpg,9
9_506.jpg,9
9_507.jpg,9
9_508.jpg,9
9_509.jpg,9
9_51.jpeg,9
9_510.jpg,9
9_511.jpg,9
9_512.jpg,9
9_513.jpg,9
9_514.jpg,9
9_515.jpg,9
9_516.jpg,9
9_517.jpg,9
9_518.jpg,9
9_519.jpg,9
9_52.jpeg,9
9_520.jpg,9
9_521.jpg,9
9_522.jpg,9
9_523.jpg,9
9_524.jpg,9
9_525.jpg,9
9_526.jpg,9
9_527.jpg,9
9_528.jpg,9
9_529.jpg,9
9_53.jpeg,9
9_530.jpg,9
9_531.jpg,9
9_532.jpg,9
9_533.jpg,9
9_534.jpg,9
9_535.jpg,9
9_536.jpg,9
9_537.jpg,9
9_538.jpeg,9
9_539.jpeg,9
9_54.jpeg,9
9_540.jpeg,9
9_541.jpeg,9
9_542.jpeg,9
9_543.jpeg,9
9_544.jpeg,9
9_545.jpeg,9
9_546.jpeg,9
9_547.jpeg,9
9_548.jpeg,9
9_549.jpeg,9
9_55.jpeg,9
9_550.jpeg,9
9_551.jpeg,9
9_552.jpg,9
9_553.jpg,9
9_554.jpg,9
9_555.jpeg,9
9_556.jpg,9
9_557.jpg,9
9_558.jpg,9
9_559.jpg,9
9_56.jpeg,9
9_560.jpeg,9
9_561.jpg,9
9_562.jpg,9
9_563.jpeg,9
9_564.jpeg,9
9_57.jpeg,9
9_58.jpeg,9
9_59.jpeg,9
9_6.jpeg,9
9_60.jpeg,9
9_61.jpeg,9
9_62.jpeg,9
9_63.jpeg,9
9_64.jpeg,9
9_65.jpeg,9
9_66.jpeg,9
9_67.jpeg,9
9_68.jpeg,9
9_69.jpeg,9
9_7.jpeg,9
9_70.jpeg,9
9_71.jpeg,9
9_72.jpeg,9
9_73.jpeg,9
9_74.jpeg,9
9_75.jpeg,9
9_76.jpeg,9
9_77.jpeg,9
9_78.jpeg,9
9_79.jpeg,9
9_8.jpeg,9
9_80.jpeg,9
9_81.jpeg,9
9_82.jpeg,9
9_83.jpeg,9
9_84.jpeg,9
9_85.jpeg,9
9_86.jpeg,9
9_87.jpeg,9
9_88.jpeg,9
9_89.jpeg,9
9_9.jpeg,9
9_90.jpeg,9
9_91.jpeg,9
9_92.jpeg,9
9_93.jpeg,9
9_94.jpeg,9
9_95.jpeg,9
9_96.jpeg,9
9_97.jpeg,9
9_98.jpeg,9
9_99.jpeg,9
